open_time,open,high,low,close,volume,close_time,quote_volume,trade_count,taker_buy_base_volume,taker_buy_quote_volume,ignore
2026-06-01 16:00:00+00:00,71129.62,71599.95,70686.68,71564.01,2820.57409,2026-06-01 16:59:59.999000+00:00,200594260,291004,1635.38276,116328622.9,0
2026-06-01 17:00:00+00:00,71564.01,71800.73,71469.64,71646.01,999.45739,2026-06-01 17:59:59.999000+00:00,71588619.3,177311,659.28045,47224256.8,0
2026-06-01 18:00:00+00:00,71646,71687.28,71382,71498.64,667.35668,2026-06-01 18:59:59.999000+00:00,47725748.6,128380,390.78262,27945680.18,0
2026-06-01 19:00:00+00:00,71498.64,71666,71386,71595.24,432.84579,2026-06-01 19:59:59.999000+00:00,30960422.96,118336,244.31077,17476085.88,0
2026-06-01 20:00:00+00:00,71595.24,71690,71419.64,71446,273.2723,2026-06-01 20:59:59.999000+00:00,19561039.05,76533,127.60007,9135318.308,0
2026-06-01 21:00:00+00:00,71445.99,71449.98,70941.95,71038.01,573.85796,2026-06-01 21:59:59.999000+00:00,40832830.04,135860,211.62443,15058629.52,0
2026-06-01 22:00:00+00:00,71038.01,71460,70840.9,71408,770.63523,2026-06-01 22:59:59.999000+00:00,54832683.62,146370,505.42707,35963361.34,0
2026-06-01 23:00:00+00:00,71407.99,71583.29,71225.29,71408.9,598.07789,2026-06-01 23:59:59.999000+00:00,42717520.98,123353,316.37555,22597902.78,0
2026-06-02 00:00:00+00:00,71408.9,71408.9,71100,71289.23,677.70318,2026-06-02 00:59:59.999000+00:00,48290521.59,138047,312.27163,22250693.48,0
2026-06-02 01:00:00+00:00,71289.24,71372,70607.57,70652.47,1034.85247,2026-06-02 01:59:59.999000+00:00,73544439.11,181337,372.05887,26455583.43,0
2026-06-02 02:00:00+00:00,70652.47,70880.63,70111,70846.49,1320.1444,2026-06-02 02:59:59.999000+00:00,93038742,293161,607.81142,42854153.34,0
2026-06-02 03:00:00+00:00,70846.48,71041.04,70806,70953.69,492.94753,2026-06-02 03:59:59.999000+00:00,34976376.55,128447,267.17387,18957336.44,0
2026-06-02 04:00:00+00:00,70953.7,71048,70713.54,70810,489.36754,2026-06-02 04:59:59.999000+00:00,34699502.54,128104,225.20556,15971193.9,0
2026-06-02 05:00:00+00:00,70810,70847.66,70267.79,70268.96,832.11781,2026-06-02 05:59:59.999000+00:00,58700936.71,190479,337.3312,23804830.05,0
2026-06-02 06:00:00+00:00,70268.97,70442,69958.49,70106.31,1507.14949,2026-06-02 06:59:59.999000+00:00,105777563.3,207385,716.09584,50286020.71,0
2026-06-02 07:00:00+00:00,70106.31,70275.86,69733,70118.42,1388.79813,2026-06-02 07:59:59.999000+00:00,97246150.72,228069,720.27097,50456307.24,0
2026-06-02 08:00:00+00:00,70118.42,70172,69705.3,69821.99,944.6499,2026-06-02 08:59:59.999000+00:00,66060436.7,183520,358.8602,25103470.92,0
2026-06-02 09:00:00+00:00,69822,69849,69324.65,69426.01,1499.21853,2026-06-02 09:59:59.999000+00:00,104249429.9,238137,652.61985,45377345,0
2026-06-02 10:00:00+00:00,69426.01,69756,69336.98,69652.19,904.86792,2026-06-02 10:59:59.999000+00:00,62935960,171383,529.40233,36822998.41,0
2026-06-02 11:00:00+00:00,69652.18,69659.47,69397.83,69461.72,417.59402,2026-06-02 11:59:59.999000+00:00,29029398.11,117474,209.83734,14586546,0
2026-06-02 12:00:00+00:00,69461.73,69548.13,68989.61,69010.42,1382.26152,2026-06-02 12:59:59.999000+00:00,95697775.63,228331,567.21275,39270606.06,0
2026-06-02 13:00:00+00:00,69010.41,69180,68757.03,68811.91,1762.82906,2026-06-02 13:59:59.999000+00:00,121564899,335259,892.24812,61537536.71,0
2026-06-02 14:00:00+00:00,68809.93,68836,67617.85,68019.3,3845.79627,2026-06-02 14:59:59.999000+00:00,262216636.2,566846,1780.21368,121397635.9,0
2026-06-02 15:00:00+00:00,68019.3,68094.6,67076,67304.28,2543.79469,2026-06-02 15:59:59.999000+00:00,171706105.6,466661,1130.70487,76313147.89,0
2026-06-02 16:00:00+00:00,67304.29,68146.3,67228.45,67413.44,1789.92962,2026-06-02 16:59:59.999000+00:00,121267557.3,349789,905.81839,61388383.67,0
2026-06-02 17:00:00+00:00,67413.44,67837.53,67378,67492.34,905.8915,2026-06-02 17:59:59.999000+00:00,61194529.84,241358,543.9102,36739790.32,0
2026-06-02 18:00:00+00:00,67492.34,67661.7,67124.2,67341.99,926.14597,2026-06-02 18:59:59.999000+00:00,62413180.66,217090,466.20243,31422201.18,0
2026-06-02 19:00:00+00:00,67341.99,67498,66432,67315.14,2333.17121,2026-06-02 19:59:59.999000+00:00,156173990.1,336468,1008.48076,67585495.02,0
2026-06-02 20:00:00+00:00,67315.14,67689.65,66911.2,67587.77,1637.61606,2026-06-02 20:59:59.999000+00:00,110197139.9,300495,1024.84275,68972793.96,0
2026-06-02 21:00:00+00:00,67587.78,67923.24,67412,67566.01,765.53933,2026-06-02 21:59:59.999000+00:00,51820125.86,206967,351.19712,23775320.08,0
2026-06-02 22:00:00+00:00,67566.01,67566.01,66244.02,66385.2,1856.41667,2026-06-02 22:59:59.999000+00:00,124178434,413780,846.48509,56620163.61,0
2026-06-02 23:00:00+00:00,66385.2,66868.62,66193,66760.83,1599.39304,2026-06-02 23:59:59.999000+00:00,106368746.6,382090,849.23626,56492928.51,0
2026-06-03 00:00:00+00:00,66760.84,67204.15,66654,66938.01,1238.50805,2026-06-03 00:59:59.999000+00:00,82902530.97,290155,647.17649,43326980.4,0
2026-06-03 01:00:00+00:00,66938.01,67050,66472.65,66920,973.29949,2026-06-03 01:59:59.999000+00:00,64973245.61,217198,545.84661,36423347.78,0
2026-06-03 02:00:00+00:00,66920,66920.01,66586.17,66620.01,773.38787,2026-06-03 02:59:59.999000+00:00,51659618.78,173133,409.77353,27380976.79,0
2026-06-03 03:00:00+00:00,66620,66653.67,65426.34,65849.9,2891.72624,2026-06-03 03:59:59.999000+00:00,190738588.6,395531,1062.50301,70110405.58,0
2026-06-03 04:00:00+00:00,65849.9,66623.44,65834,66465.98,1263.85794,2026-06-03 04:59:59.999000+00:00,83884380.68,267896,754.42951,50065381.25,0
2026-06-03 05:00:00+00:00,66465.99,67398.28,66465.99,67330.01,1773.95829,2026-06-03 05:59:59.999000+00:00,118941771,323804,1035.96972,69446637.33,0
2026-06-03 06:00:00+00:00,67330,67516,66962.95,66983.27,1658.04956,2026-06-03 06:59:59.999000+00:00,111530428.3,237693,796.47083,53582770.02,0
2026-06-03 07:00:00+00:00,66983.27,67334.4,66872.01,67220.03,1003.46306,2026-06-03 07:59:59.999000+00:00,67424615.64,165029,677.82512,45546833.43,0
2026-06-03 08:00:00+00:00,67220.03,67264.34,66974,67028,1273.47385,2026-06-03 08:59:59.999000+00:00,85463961.18,199455,743.3121,49888405.77,0
2026-06-03 09:00:00+00:00,67028.01,67322,66656.48,67075.17,1438.06157,2026-06-03 09:59:59.999000+00:00,96299912.37,225394,735.93365,49279710.58,0
2026-06-03 10:00:00+00:00,67075.18,67476.69,67068.51,67294.52,639.46259,2026-06-03 10:59:59.999000+00:00,43025500.99,192758,339.92138,22872036.68,0
2026-06-03 11:00:00+00:00,67294.51,67366.82,67056.58,67067.37,489.69833,2026-06-03 11:59:59.999000+00:00,32917335.45,119472,239.77905,16119224.37,0
2026-06-03 12:00:00+00:00,67067.37,67163.82,66782.65,67078.72,856.74966,2026-06-03 12:59:59.999000+00:00,57392812.79,221072,457.41773,30643752.2,0
2026-06-03 13:00:00+00:00,67078.72,67244.62,66635,66906.01,1223.17247,2026-06-03 13:59:59.999000+00:00,81864754.81,405468,561.8141,37613016.4,0
2026-06-03 14:00:00+00:00,66906,66990.66,66643.96,66864.95,936.44379,2026-06-03 14:59:59.999000+00:00,62556173.72,369189,442.26451,29547629.47,0
2026-06-03 15:00:00+00:00,66864.95,66898,66076,66076.01,1521.34921,2026-06-03 15:59:59.999000+00:00,101047974.8,394917,723.10751,48030833.55,0
2026-06-03 16:00:00+00:00,66076.01,66373.18,65555,66061.83,1633.14277,2026-06-03 16:59:59.999000+00:00,107644105.4,414723,776.94128,51220543.02,0
2026-06-03 17:00:00+00:00,66061.83,66189.8,65704.8,65964.08,810.29365,2026-06-03 17:59:59.999000+00:00,53425313.13,262687,363.06006,23936764.29,0
2026-06-03 18:00:00+00:00,65964.08,66161.24,65744.01,66036.57,600.59221,2026-06-03 18:59:59.999000+00:00,39617185.24,194078,289.17756,19079352.06,0
2026-06-03 19:00:00+00:00,66036.56,66054,65251,65462,1198.70968,2026-06-03 19:59:59.999000+00:00,78715853.56,238378,494.7626,32514786.71,0
2026-06-03 20:00:00+00:00,65461.99,65614.74,64766,65007.27,1892.05101,2026-06-03 20:59:59.999000+00:00,123226597.7,321737,578.18396,37679326.44,0
2026-06-03 21:00:00+00:00,65007.27,65860,64960.87,65768.88,1254.10382,2026-06-03 21:59:59.999000+00:00,82204737.19,290913,727.18782,47676161.25,0
2026-06-03 22:00:00+00:00,65768.89,65841.23,64778.15,64912.98,974.52056,2026-06-03 22:59:59.999000+00:00,63543702.27,383759,418.19109,27266581.41,0
2026-06-03 23:00:00+00:00,64912.97,64979.99,64092.49,64142.75,1820.23083,2026-06-03 23:59:59.999000+00:00,117348881.8,371919,746.2465,48116140.77,0
2026-06-04 00:00:00+00:00,64142.75,64428,63000,63344.97,3512.79677,2026-06-04 00:59:59.999000+00:00,223539486.9,657007,1365.37559,86900502.78,0
2026-06-04 01:00:00+00:00,63344.98,63500,62100.01,62178.1,4759.0413,2026-06-04 01:59:59.999000+00:00,298672789,774415,1912.70203,120109494.7,0
2026-06-04 02:00:00+00:00,62178.1,63622.7,61383.56,63231.99,6283.29826,2026-06-04 02:59:59.999000+00:00,393116900.1,644675,2506.317,156881008.5,0
2026-06-04 03:00:00+00:00,63232,64540.3,63218.48,64363.49,2402.09774,2026-06-04 03:59:59.999000+00:00,153935920.4,334828,1332.30721,85360342.12,0
2026-06-04 04:00:00+00:00,64363.49,64764.32,64265.73,64399.99,1421.62502,2026-06-04 04:59:59.999000+00:00,91700026.18,245338,650.4872,41963718.11,0
2026-06-04 05:00:00+00:00,64399.99,64400,63648.01,63955.47,1272.84935,2026-06-04 05:59:59.999000+00:00,81463803.94,308518,536.90938,34365486.1,0
2026-06-04 06:00:00+00:00,63955.48,64481.22,63892,64027.99,802.33437,2026-06-04 06:59:59.999000+00:00,51526089.21,220866,392.49172,25212099.77,0
2026-06-04 07:00:00+00:00,64027.99,64062.81,63492.89,63603.15,1503.87893,2026-06-04 07:59:59.999000+00:00,95901942.41,261823,811.60247,51773337.71,0
2026-06-04 08:00:00+00:00,63603.15,63904.63,63245.9,63629.99,1570.23316,2026-06-04 08:59:59.999000+00:00,99743799.46,389108,784.43787,49839756.21,0
2026-06-04 09:00:00+00:00,63629.99,63644,62703.33,63266,2329.3282,2026-06-04 09:59:59.999000+00:00,146798441.3,483870,998.51119,62919094.55,0
2026-06-04 10:00:00+00:00,63266.01,63276,62301.21,62420,3046.35677,2026-06-04 10:59:59.999000+00:00,190882975.4,469476,1437.67041,90040552.66,0
2026-06-04 11:00:00+00:00,62420.01,62833.82,62205,62545.99,1649.57305,2026-06-04 11:59:59.999000+00:00,103042591.5,356501,961.46961,60073207.59,0
2026-06-04 12:00:00+00:00,62546,63966.48,62392,63766.82,1740.31399,2026-06-04 12:59:59.999000+00:00,110086882.3,474573,957.63903,60592586.55,0
2026-06-04 13:00:00+00:00,63766.82,64244,63068.41,64230,2087.69891,2026-06-04 13:59:59.999000+00:00,133110222.1,579230,1100.83131,70222061.38,0
2026-06-04 14:00:00+00:00,64230,64494.92,63785.33,63958.97,1314.7717,2026-06-04 14:59:59.999000+00:00,84348964.01,452636,575.20709,36908972.93,0
2026-06-04 15:00:00+00:00,63958.97,64404,63691.7,63896.17,1043.20477,2026-06-04 15:59:59.999000+00:00,66779419.72,325242,551.46761,35304580.4,0
2026-06-04 16:00:00+00:00,63896.16,63920,63456,63563.51,778.5809,2026-06-04 16:59:59.999000+00:00,49600682.17,273524,404.54113,25773740.15,0
2026-06-04 17:00:00+00:00,63563.51,63722,62944.91,63540.97,1048.08269,2026-06-04 17:59:59.999000+00:00,66347416.38,309779,554.19647,35099478.33,0
2026-06-04 18:00:00+00:00,63540.96,64110.28,63149.76,63819.62,1198.01807,2026-06-04 18:59:59.999000+00:00,76376267.53,316109,652.31916,41592490.09,0
2026-06-04 19:00:00+00:00,63819.62,64163.93,63544,63629.38,699.04403,2026-06-04 19:59:59.999000+00:00,44618234.66,255891,326.24893,20832140.29,0
2026-06-04 20:00:00+00:00,63629.38,63653.2,63182.84,63638.4,753.64631,2026-06-04 20:59:59.999000+00:00,47801676.69,219302,287.96904,18268440.91,0
2026-06-04 21:00:00+00:00,63638.4,63876,63106.04,63286.21,982.36997,2026-06-04 21:59:59.999000+00:00,62443470.61,220331,352.61124,22403307.28,0
2026-06-04 22:00:00+00:00,63286.21,63772,63194,63735.43,816.54763,2026-06-04 22:59:59.999000+00:00,51772911.36,310645,404.79047,25676178.49,0
2026-06-04 23:00:00+00:00,63735.42,63918,63376,63885.99,561.48382,2026-06-04 23:59:59.999000+00:00,35738820.14,174289,314.72188,20029287.42,0
2026-06-05 00:00:00+00:00,63885.99,63978,63396.57,63426.72,799.55012,2026-06-05 00:59:59.999000+00:00,50959950.82,262504,409.45563,26099362.56,0
2026-06-05 01:00:00+00:00,63426.73,63566,63052,63374.67,974.10885,2026-06-05 01:59:59.999000+00:00,61665732.65,309168,429.66515,27202821.25,0
2026-06-05 02:00:00+00:00,63374.67,63436,62588.77,62617.72,1167.70132,2026-06-05 02:59:59.999000+00:00,73459108.16,339982,476.47886,29966616.68,0
2026-06-05 03:00:00+00:00,62617.72,62888,62339,62730,1221.6378,2026-06-05 03:59:59.999000+00:00,76451218.52,314333,552.24813,34578953.24,0
2026-06-05 04:00:00+00:00,62730,63646,62487.24,63615.23,1133.49083,2026-06-05 04:59:59.999000+00:00,71447182.06,311672,631.18575,39817058.23,0
2026-06-05 05:00:00+00:00,63615.22,63688,62278,62329.35,1503.31179,2026-06-05 05:59:59.999000+00:00,94791318.92,371814,639.65113,40394726.26,0
2026-06-05 06:00:00+00:00,62329.36,62634.53,61126.01,61946.57,5277.47749,2026-06-05 06:59:59.999000+00:00,326445236.1,937737,2221.9879,137493358.4,0
2026-06-05 07:00:00+00:00,61946.57,63116,61378.38,63115.99,2819.14343,2026-06-05 07:59:59.999000+00:00,175692660,649312,1544.35945,96319558.99,0
2026-06-05 08:00:00+00:00,63115.99,63120.98,62288.88,62454.64,1381.33567,2026-06-05 08:59:59.999000+00:00,86630721.74,301884,722.36505,45305172.45,0
2026-06-05 09:00:00+00:00,62454.64,63259.9,62442,62860.09,970.2531,2026-06-05 09:59:59.999000+00:00,61037380.26,314276,525.68255,33077257.89,0
2026-06-05 10:00:00+00:00,62860.09,62931.81,62375,62536.87,753.84533,2026-06-05 10:59:59.999000+00:00,47205164.11,226776,353.6208,22145942.37,0
2026-06-05 11:00:00+00:00,62536.87,62644.48,61964.98,61964.99,1191.72996,2026-06-05 11:59:59.999000+00:00,74237726.05,299452,498.60284,31058367.13,0
2026-06-05 12:00:00+00:00,61964.99,62457.86,61620.47,61959.73,1931.26312,2026-06-05 12:59:59.999000+00:00,119791043.2,479356,843.12463,52310825.2,0
2026-06-05 13:00:00+00:00,61959.72,62326,60732.35,60732.36,3644.72891,2026-06-05 13:59:59.999000+00:00,224509227.6,643094,1472.08818,90864574.47,0
2026-06-05 14:00:00+00:00,60732.36,61227.98,60334.97,60868.97,4753.25938,2026-06-05 14:59:59.999000+00:00,288847723.2,888916,1978.64111,120277796.4,0
2026-06-05 15:00:00+00:00,60868.98,61126,60000,60438.01,4471.76201,2026-06-05 15:59:59.999000+00:00,270181441.9,668473,1614.73604,97714520.16,0
2026-06-05 16:00:00+00:00,60438,61547.24,59786,61394.39,5595.70288,2026-06-05 16:59:59.999000+00:00,339070326.4,860286,2629.03788,159518899.6,0
2026-06-05 17:00:00+00:00,61394.38,61508.85,60660,60813.99,1735.74281,2026-06-05 17:59:59.999000+00:00,105839280.6,449980,808.77401,49308739.71,0
2026-06-05 18:00:00+00:00,60814,60950,59141,59395.99,3853.37743,2026-06-05 18:59:59.999000+00:00,230774891.8,650178,1610.93877,96562253.86,0
2026-06-05 19:00:00+00:00,59396,60459.41,59130.91,60300.24,2562.76919,2026-06-05 19:59:59.999000+00:00,152963862.7,720293,1233.61478,73644126.68,0
2026-06-05 20:00:00+00:00,60300.24,61787.01,59940.01,61620.01,2519.32621,2026-06-05 20:59:59.999000+00:00,153695098.7,535708,1375.41885,83922486.21,0
2026-06-05 21:00:00+00:00,61620.01,62000,61444.2,61670.38,1754.60125,2026-06-05 21:59:59.999000+00:00,108375210,345414,890.47586,55008994.83,0
2026-06-05 22:00:00+00:00,61670.38,61966,61207.82,61584.49,1799.61028,2026-06-05 22:59:59.999000+00:00,110905267.4,446398,894.50739,55137421.47,0
2026-06-05 23:00:00+00:00,61584.49,61776,60518,61056.47,1211.55891,2026-06-05 23:59:59.999000+00:00,74044977.6,331850,522.85701,31952237.47,0
2026-06-06 00:00:00+00:00,61056.47,61530.05,61045.01,61273.29,769.28059,2026-06-06 00:59:59.999000+00:00,47157764.61,262884,413.1617,25328561.37,0
2026-06-06 01:00:00+00:00,61273.29,61380,60954.36,61058.95,701.07746,2026-06-06 01:59:59.999000+00:00,42876204.4,201383,333.57056,20398792.28,0
2026-06-06 02:00:00+00:00,61058.95,61176,60678,60951.64,778.33004,2026-06-06 02:59:59.999000+00:00,47425204.59,249099,360.22038,21952129.72,0
2026-06-06 03:00:00+00:00,60951.63,60966.86,60520,60687.04,696.39105,2026-06-06 03:59:59.999000+00:00,42303050.07,259886,344.21253,20912028.08,0
2026-06-06 04:00:00+00:00,60687.05,60866,59500,60101.27,2161.93035,2026-06-06 04:59:59.999000+00:00,129778892.5,559699,941.84277,56525579.32,0
2026-06-06 05:00:00+00:00,60101.28,61062,59621.22,60942.38,2141.23088,2026-06-06 05:59:59.999000+00:00,129571417.8,489862,1272.48955,77021257.77,0
2026-06-06 06:00:00+00:00,60942.37,61276.95,60681,60786.96,2095.10137,2026-06-06 06:59:59.999000+00:00,127888304.3,355492,675.36328,41229186.85,0
2026-06-06 07:00:00+00:00,60786.96,61229.17,60733.14,61004.95,664.31126,2026-06-06 07:59:59.999000+00:00,40517501.26,162044,349.88929,21342144.18,0
2026-06-06 08:00:00+00:00,61004.95,61500,60884,61264,724.69988,2026-06-06 08:59:59.999000+00:00,44393604.96,195050,426.9484,26157292.13,0
2026-06-06 09:00:00+00:00,61264,61322,60875.55,60981.24,580.05282,2026-06-06 09:59:59.999000+00:00,35469763.89,186268,249.2777,15244758.84,0
2026-06-06 10:00:00+00:00,60981.24,60981.24,60198,60593,1404.76206,2026-06-06 10:59:59.999000+00:00,85037480.64,282578,538.03433,32554485.38,0
2026-06-06 11:00:00+00:00,60593,60968,60552.95,60802.91,764.0429,2026-06-06 11:59:59.999000+00:00,46432391.54,153771,433.42074,26342079.76,0
2026-06-06 12:00:00+00:00,60802.9,61185.26,60641.2,61030.63,669.86406,2026-06-06 12:59:59.999000+00:00,40816040.71,182548,344.99195,21025251.62,0
2026-06-06 13:00:00+00:00,61030.63,61100,60701.41,60801.2,565.41708,2026-06-06 13:59:59.999000+00:00,34418355.06,164634,282.92573,17224058.58,0
2026-06-06 14:00:00+00:00,60801.2,61016,60768,60791.05,409.85585,2026-06-06 14:59:59.999000+00:00,24967186.05,161753,228.29059,13908073.46,0
2026-06-06 15:00:00+00:00,60791.06,60929.2,60396,60784,646.3582,2026-06-06 15:59:59.999000+00:00,39215430.46,208625,318.63928,19336486.38,0
2026-06-06 16:00:00+00:00,60784.01,60971.24,60466.56,60774,524.00441,2026-06-06 16:59:59.999000+00:00,31822003.09,156734,260.51031,15823347.9,0
2026-06-06 17:00:00+00:00,60774,60844,60501,60576.2,599.85374,2026-06-06 17:59:59.999000+00:00,36390952.71,131616,293.30339,17800883.06,0
2026-06-06 18:00:00+00:00,60576.19,60754.74,60393.96,60637.21,975.00187,2026-06-06 18:59:59.999000+00:00,59028921.95,152989,334.49018,20259397.18,0
2026-06-06 19:00:00+00:00,60637.2,60786,60536,60600.01,348.13504,2026-06-06 19:59:59.999000+00:00,21117755.83,93283,191.1509,11595650,0
2026-06-06 20:00:00+00:00,60600,60756,60522,60711.69,328.01265,2026-06-06 20:59:59.999000+00:00,19892131.61,93344,174.10774,10558323.96,0
2026-06-06 21:00:00+00:00,60711.69,61000,60707.93,60751.21,311.33205,2026-06-06 21:59:59.999000+00:00,18946663.73,81069,170.23082,10359467.17,0
2026-06-06 22:00:00+00:00,60751.22,60818,60429.09,60543.53,374.15284,2026-06-06 22:59:59.999000+00:00,22678856.74,129075,161.66544,9800128.816,0
2026-06-06 23:00:00+00:00,60543.52,60942.75,60543.52,60884.62,562.39032,2026-06-06 23:59:59.999000+00:00,34180080.01,87188,374.82165,22781822.07,0
2026-06-07 00:00:00+00:00,60884.62,60987.99,60746,60782.01,680.4546,2026-06-07 00:59:59.999000+00:00,41398475.69,116879,291.52737,17733843.87,0
2026-06-07 01:00:00+00:00,60782,61664.13,60758,61479.75,1285.5692,2026-06-07 01:59:59.999000+00:00,78921951.66,273041,759.4838,46612346.42,0
2026-06-07 02:00:00+00:00,61479.75,61568,61184,61506.74,523.36778,2026-06-07 02:59:59.999000+00:00,32126534.24,166180,270.66217,16619103.53,0
2026-06-07 03:00:00+00:00,61506.73,61778.33,61416.1,61701.07,469.79753,2026-06-07 03:59:59.999000+00:00,28938754.62,153448,252.9663,15583272.38,0
2026-06-07 04:00:00+00:00,61701.06,61907.07,61482.46,61890.92,486.27163,2026-06-07 04:59:59.999000+00:00,30005048.56,139984,262.21454,16182343.23,0
2026-06-07 05:00:00+00:00,61890.92,62159,61647,61748.1,1139.66042,2026-06-07 05:59:59.999000+00:00,70486387.66,212941,553.83096,34256500.76,0
2026-06-07 06:00:00+00:00,61748.11,62272,61619.4,62101,1749.1221,2026-06-07 06:59:59.999000+00:00,108477634.8,241732,760.26211,47131570.46,0
2026-06-07 07:00:00+00:00,62101.01,62416.26,61983.46,62404.73,1528.1498,2026-06-07 07:59:59.999000+00:00,95053999.15,145369,876.45284,54515463.32,0
2026-06-07 08:00:00+00:00,62404.72,62960,62259.37,62855.01,2005.84536,2026-06-07 08:59:59.999000+00:00,125515982.7,239847,1362.85685,85258401.17,0
2026-06-07 09:00:00+00:00,62855,62900,62374.63,62530,1248.753,2026-06-07 09:59:59.999000+00:00,78244437.25,183125,629.18438,39440216.64,0
2026-06-07 10:00:00+00:00,62530,62570.31,62298.39,62370.52,674.16526,2026-06-07 10:59:59.999000+00:00,42079981.76,161858,329.82054,20586642.54,0
2026-06-07 11:00:00+00:00,62370.53,62754.45,62359.44,62621.96,794.29873,2026-06-07 11:59:59.999000+00:00,49719903.33,140528,350.54439,21931503.05,0
2026-06-07 12:00:00+00:00,62621.97,62643.97,61577.12,61900.67,1957.0674,2026-06-07 12:59:59.999000+00:00,121327041.8,369382,714.2522,44267042.97,0
2026-06-07 13:00:00+00:00,61900.66,61907.64,61649.12,61700.13,1146.18923,2026-06-07 13:59:59.999000+00:00,70781943.09,191481,427.15167,26378886.45,0
2026-06-07 14:00:00+00:00,61700.14,62312.67,61696.98,61905.49,923.54392,2026-06-07 14:59:59.999000+00:00,57242663.24,209392,416.47785,25815601.59,0
2026-06-07 15:00:00+00:00,61905.49,62219.92,61674.51,62093.99,527.33835,2026-06-07 15:59:59.999000+00:00,32663590.99,177488,296.69553,18380722.67,0
2026-06-07 16:00:00+00:00,62093.99,62332,61966,62083.64,482.9603,2026-06-07 16:59:59.999000+00:00,30014811.55,165862,242.30617,15064238.84,0
2026-06-07 17:00:00+00:00,62083.64,62330,62046.62,62160.01,573.97699,2026-06-07 17:59:59.999000+00:00,35729596.44,138264,249.37115,15522068.97,0
2026-06-07 18:00:00+00:00,62160.01,62296,62022,62030.14,373.61361,2026-06-07 18:59:59.999000+00:00,23232241.92,84383,105.73879,6574940.258,0
2026-06-07 19:00:00+00:00,62030.15,62036.78,61184,61328,1046.65633,2026-06-07 19:59:59.999000+00:00,64344720.43,239211,441.33055,27124097.12,0
2026-06-07 20:00:00+00:00,61327.99,61962.47,61217.17,61878.01,569.10903,2026-06-07 20:59:59.999000+00:00,35058253.4,145351,257.05025,15851227.6,0
2026-06-07 21:00:00+00:00,61878,62017.71,61652.01,61778.41,374.19369,2026-06-07 21:59:59.999000+00:00,23121476.29,116992,188.98632,11678292.81,0
2026-06-07 22:00:00+00:00,61778.42,64234.68,61728.11,62865.87,4892.75492,2026-06-07 22:59:59.999000+00:00,308953779.2,514549,3375.27829,213110973.8,0
2026-06-07 23:00:00+00:00,62865.87,63444.11,62803.42,63332.01,1159.24525,2026-06-07 23:59:59.999000+00:00,73211562.92,225174,741.86565,46871417.14,0
2026-06-08 00:00:00+00:00,63332.01,63863.06,63138.37,63631.42,1255.61981,2026-06-08 00:59:59.999000+00:00,79789265.47,290444,759.00472,48262465.01,0
2026-06-08 01:00:00+00:00,63631.43,63643.99,62720.86,63211.41,1129.10442,2026-06-08 01:59:59.999000+00:00,71231509.04,337355,499.69636,31530783.47,0
2026-06-08 02:00:00+00:00,63211.41,63260,62918,63129.93,502.88284,2026-06-08 02:59:59.999000+00:00,31716610.87,178720,244.58529,15426923.36,0
2026-06-08 03:00:00+00:00,63129.94,63458,62978.36,63130.12,427.85473,2026-06-08 03:59:59.999000+00:00,27038633.76,144708,206.98744,13082434.74,0
2026-06-08 04:00:00+00:00,63130.12,63171.1,62657.07,62684.61,553.63898,2026-06-08 04:59:59.999000+00:00,34807091.32,168596,215.72755,13564721,0
2026-06-08 05:00:00+00:00,62684.61,62825.27,62408,62764,674.10723,2026-06-08 05:59:59.999000+00:00,42212859.33,205058,329.96929,20666660.27,0
2026-06-08 06:00:00+00:00,62763.99,63144,62734,62988.03,629.53051,2026-06-08 06:59:59.999000+00:00,39651240.88,179806,314.70554,19819743.98,0
2026-06-08 07:00:00+00:00,62988.58,63350,62812,63283.99,976.9078,2026-06-08 07:59:59.999000+00:00,61684537.63,193066,486.115,30710324.08,0
2026-06-08 08:00:00+00:00,63284,63284,62992.01,63132.83,490.75057,2026-06-08 08:59:59.999000+00:00,30981265.21,161200,234.43168,14799971.37,0
2026-06-08 09:00:00+00:00,63132.84,63577.86,63128.47,63502,706.93226,2026-06-08 09:59:59.999000+00:00,44805736.14,177936,340.83879,21607143.63,0
2026-06-08 10:00:00+00:00,63501.99,63568.19,63096.88,63172.3,982.6729,2026-06-08 10:59:59.999000+00:00,62183375.73,155339,470.34676,29776624.45,0
2026-06-08 11:00:00+00:00,63172.3,63873.08,63058,63479.61,1572.11873,2026-06-08 11:59:59.999000+00:00,99898294.14,235680,884.78118,56229038.61,0
2026-06-08 12:00:00+00:00,63479.62,63933.18,62718.3,63872,2589.09295,2026-06-08 12:59:59.999000+00:00,163972599.8,363466,1224.27536,77611857.25,0
2026-06-08 13:00:00+00:00,63872,63943.56,63362.1,63758,1304.57724,2026-06-08 13:59:59.999000+00:00,83076885.84,350706,619.28824,39439122.66,0
2026-06-08 14:00:00+00:00,63758,64077.57,63560.68,63964.08,1937.84618,2026-06-08 14:59:59.999000+00:00,123755240.6,310171,946.82105,60491759.79,0
2026-06-08 15:00:00+00:00,63964.07,64200,63711,63774.48,2295.29096,2026-06-08 15:59:59.999000+00:00,146907022.1,292588,1157.15367,74099244.38,0
2026-06-08 16:00:00+00:00,63774.48,64046.86,63472,63532.01,873.93622,2026-06-08 16:59:59.999000+00:00,55729307.94,175875,387.66477,24725834.05,0
2026-06-08 17:00:00+00:00,63532.01,63646,63268.01,63550,1044.76064,2026-06-08 17:59:59.999000+00:00,66243142.64,185947,575.91353,36516082.56,0
2026-06-08 18:00:00+00:00,63549.99,63690,63339.98,63466.83,414.77155,2026-06-08 18:59:59.999000+00:00,26350288.69,132101,204.74532,13009510.68,0
2026-06-08 19:00:00+00:00,63466.83,63596,63356,63372.01,379.67287,2026-06-08 19:59:59.999000+00:00,24098909.07,129151,191.12184,12130837.89,0
2026-06-08 20:00:00+00:00,63372.01,63485.49,63160.31,63485.49,793.95609,2026-06-08 20:59:59.999000+00:00,50242774.08,108790,278.99432,17662938.36,0
2026-06-08 21:00:00+00:00,63485.49,63850,63483.41,63728.96,413.19539,2026-06-08 21:59:59.999000+00:00,26325604.48,111960,206.17534,13132410.62,0
2026-06-08 22:00:00+00:00,63728.96,63728.96,63210,63440.01,571.04903,2026-06-08 22:59:59.999000+00:00,36194432.83,141899,235.27762,14909599.26,0
2026-06-08 23:00:00+00:00,63440,63594,62978.66,63085.99,533.11634,2026-06-08 23:59:59.999000+00:00,33666659.15,157002,213.3754,13478470.58,0
2026-06-09 00:00:00+00:00,63086,63184,62423.07,62562,1868.43384,2026-06-09 00:59:59.999000+00:00,117156447.5,276045,833.11767,52218801.46,0
2026-06-09 01:00:00+00:00,62562,62879.1,62546.62,62764.01,752.22836,2026-06-09 01:59:59.999000+00:00,47191273.81,173486,438.85023,27528244.23,0
2026-06-09 02:00:00+00:00,62764,62874,62544.11,62868,357.79841,2026-06-09 02:59:59.999000+00:00,22443215.22,138521,193.90029,12163637.54,0
2026-06-09 03:00:00+00:00,62867.99,62979.94,62702,62875.17,780.82683,2026-06-09 03:59:59.999000+00:00,49074911.63,112714,542.04041,34065556.36,0
2026-06-09 04:00:00+00:00,62875.18,63424,62748,63242.36,1115.32376,2026-06-09 04:59:59.999000+00:00,70366227.24,177848,647.60882,40860499.49,0
2026-06-09 05:00:00+00:00,63242.36,63526.01,63120.24,63338.68,946.88593,2026-06-09 05:59:59.999000+00:00,59996385.99,161525,328.67179,20822752.91,0
2026-06-09 06:00:00+00:00,63338.69,63506,63230,63300,975.96129,2026-06-09 06:59:59.999000+00:00,61841472.68,108048,515.97252,32693942.51,0
2026-06-09 07:00:00+00:00,63300,63443.6,63012,63198.44,669.83742,2026-06-09 07:59:59.999000+00:00,42331579.16,104007,299.18423,18907388.56,0
2026-06-09 08:00:00+00:00,63198.44,63208.86,62769.52,62849.75,844.01531,2026-06-09 08:59:59.999000+00:00,53102853.41,128341,289.5508,18215571.48,0
2026-06-09 09:00:00+00:00,62849.75,62944.43,62590,62715.37,709.2584,2026-06-09 09:59:59.999000+00:00,44513971.46,116227,301.26548,18911573.85,0
2026-06-09 10:00:00+00:00,62715.37,62835.37,62596,62786.01,503.06926,2026-06-09 10:59:59.999000+00:00,31552774.82,113049,275.81226,17299478.89,0
2026-06-09 11:00:00+00:00,62786,62818,62498.75,62711.12,472.29218,2026-06-09 11:59:59.999000+00:00,29572623.31,107433,219.99848,13778171.06,0
2026-06-09 12:00:00+00:00,62711.12,62895.18,62421.24,62645.15,693.6037,2026-06-09 12:59:59.999000+00:00,43439962.08,144435,333.54435,20900026.89,0
2026-06-09 13:00:00+00:00,62645.14,62738,62140,62273.61,1172.01624,2026-06-09 13:59:59.999000+00:00,73117403.69,280196,509.12594,31762085.63,0
2026-06-09 14:00:00+00:00,62273.62,62395.01,61148.07,61541.95,2741.42922,2026-06-09 14:59:59.999000+00:00,169097432,524581,1159.85666,71498615.47,0
2026-06-09 15:00:00+00:00,61541.95,61706.86,61037,61131.84,1576.3984,2026-06-09 15:59:59.999000+00:00,96762954.77,311324,791.57124,48602574.69,0
2026-06-09 16:00:00+00:00,61131.85,61484.67,60780,61390.51,2117.17514,2026-06-09 16:59:59.999000+00:00,129319860.7,422755,971.22265,59365414.6,0
2026-06-09 17:00:00+00:00,61390.51,61889,61390.51,61692.01,925.52892,2026-06-09 17:59:59.999000+00:00,57085314.94,231711,559.26568,34496587.92,0
2026-06-09 18:00:00+00:00,61692.01,61964,61602,61792.01,528.51144,2026-06-09 18:59:59.999000+00:00,32643431.88,155907,242.69543,14990256.28,0
2026-06-09 19:00:00+00:00,61792,62103.39,61722,62098.09,436.3094,2026-06-09 19:59:59.999000+00:00,27004993.98,152652,243.43318,15069383.5,0
2026-06-09 20:00:00+00:00,62098.09,62272,61954.39,62160,406.81988,2026-06-09 20:59:59.999000+00:00,25259333.29,104463,199.41073,12382960.02,0
2026-06-09 21:00:00+00:00,62159.99,62176.86,61698,61761.2,425.20913,2026-06-09 21:59:59.999000+00:00,26330479.88,98020,175.72806,10879600.98,0
2026-06-09 22:00:00+00:00,61761.21,61976,61666.66,61717.5,276.69194,2026-06-09 22:59:59.999000+00:00,17102001.21,100574,136.62748,8444947.153,0
2026-06-09 23:00:00+00:00,61717.5,61878,61556,61730,340.59519,2026-06-09 23:59:59.999000+00:00,21015144.44,103470,148.78206,9179268.068,0
2026-06-10 00:00:00+00:00,61730,61930,61440,61923.16,538.2675,2026-06-10 00:59:59.999000+00:00,33215082.14,149535,234.18032,14457750.81,0
2026-06-10 01:00:00+00:00,61923.16,61974.7,61590,61714,336.41204,2026-06-10 01:59:59.999000+00:00,20788130.51,167866,149.90835,9263128.201,0
2026-06-10 02:00:00+00:00,61714,61837.67,61235.29,61302.36,512.06602,2026-06-10 02:59:59.999000+00:00,31468001.78,160933,196.27605,12060617.78,0
2026-06-10 03:00:00+00:00,61302.37,61594,61286,61549.64,334.76343,2026-06-10 03:59:59.999000+00:00,20574410.4,113873,165.37528,10163608.04,0
2026-06-10 04:00:00+00:00,61549.64,61560,61182.65,61295.99,306.03442,2026-06-10 04:59:59.999000+00:00,18773363.33,109000,118.38706,7262803.126,0
2026-06-10 05:00:00+00:00,61296,61400.01,61080,61361.17,464.90737,2026-06-10 05:59:59.999000+00:00,28464020.39,129241,235.17319,14400400.69,0
2026-06-10 06:00:00+00:00,61361.17,61521.99,61145.5,61472.89,511.66925,2026-06-10 06:59:59.999000+00:00,31403231.05,113954,275.38462,16901614.03,0
2026-06-10 07:00:00+00:00,61472.89,61813.34,61440,61687.56,937.80783,2026-06-10 07:59:59.999000+00:00,57843726.86,128325,461.00194,28434874.14,0
2026-06-10 08:00:00+00:00,61687.56,61736,61168,61261.55,739.92297,2026-06-10 08:59:59.999000+00:00,45489944.7,164382,297.24574,18271859.91,0
2026-06-10 09:00:00+00:00,61261.56,61421.46,60755,61334.94,906.84186,2026-06-10 09:59:59.999000+00:00,55419840.12,205181,354.71783,21686363.57,0
2026-06-10 10:00:00+00:00,61334.95,61456,61151.4,61386.09,340.43647,2026-06-10 10:59:59.999000+00:00,20868132.9,133306,193.08992,11838266.62,0
2026-06-10 11:00:00+00:00,61386.09,61430,60867.19,61034.04,826.04256,2026-06-10 11:59:59.999000+00:00,50445689.44,232732,325.85963,19901485.94,0
2026-06-10 12:00:00+00:00,61034.04,61950,60960,61564.01,1340.16125,2026-06-10 12:59:59.999000+00:00,82412266.11,289641,812.24756,49950691.16,0
2026-06-10 13:00:00+00:00,61564,62446,61444.87,62146.42,1199.64944,2026-06-10 13:59:59.999000+00:00,74339559.24,343786,626.08061,38805129.33,0
2026-06-10 14:00:00+00:00,62146.43,62258.01,61814.79,62195.99,902.47236,2026-06-10 14:59:59.999000+00:00,55954641.42,320240,418.97212,25978629.8,0
2026-06-10 15:00:00+00:00,62195.99,62857.99,61852,62639.23,1341.51604,2026-06-10 15:59:59.999000+00:00,83645759.25,381602,653.0753,40728977.34,0
2026-06-10 16:00:00+00:00,62639.23,62646,61930,62219.33,748.11357,2026-06-10 16:59:59.999000+00:00,46596753.6,280990,353.61796,22022233.45,0
2026-06-10 17:00:00+00:00,62219.33,62360,61654.54,61969.99,885.28682,2026-06-10 17:59:59.999000+00:00,54829915.75,264392,365.4079,22634550.79,0
2026-06-10 18:00:00+00:00,61969.99,62162.9,61588.8,61882,641.1773,2026-06-10 18:59:59.999000+00:00,39656137.95,198788,402.72882,24903143.17,0
2026-06-10 19:00:00+00:00,61881.99,62062.98,61673.79,61942.44,400.79146,2026-06-10 19:59:59.999000+00:00,24803678.86,155878,234.95488,14543812.02,0
2026-06-10 20:00:00+00:00,61942.45,61949.21,61688,61805.51,307.34434,2026-06-10 20:59:59.999000+00:00,19004068.59,122105,130.05567,8041473.988,0
2026-06-10 21:00:00+00:00,61805.5,61805.51,61179.19,61356.18,571.34637,2026-06-10 21:59:59.999000+00:00,35143383.01,169289,243.09349,14952295.67,0
2026-06-10 22:00:00+00:00,61356.18,61574,61104.24,61381.46,578.03926,2026-06-10 22:59:59.999000+00:00,35447831.35,192828,304.30725,18665248.57,0
2026-06-10 23:00:00+00:00,61381.46,61604,61166,61510.99,327.64659,2026-06-10 23:59:59.999000+00:00,20123314.85,127819,163.45342,10039697.29,0
2026-06-11 00:00:00+00:00,61510.99,61974.7,61510.99,61812,597.44488,2026-06-11 00:59:59.999000+00:00,36921271.56,162608,295.83726,18281800.29,0
2026-06-11 01:00:00+00:00,61812,62378,61812,62206.01,839.43174,2026-06-11 01:59:59.999000+00:00,52129027.58,155164,560.73093,34798720.74,0
2026-06-11 02:00:00+00:00,62206.01,62304,61944.19,62148,429.18601,2026-06-11 02:59:59.999000+00:00,26667696.31,123437,238.13812,14799266.64,0
2026-06-11 03:00:00+00:00,62148.01,62848,62012,62689.48,986.08995,2026-06-11 03:59:59.999000+00:00,61599150.34,168588,614.10526,38363233.47,0
2026-06-11 04:00:00+00:00,62689.47,62854,62546.34,62726.86,589.32674,2026-06-11 04:59:59.999000+00:00,36935231.08,138831,295.65525,18528470.22,0
2026-06-11 05:00:00+00:00,62726.85,62726.86,62556.84,62610,295.46093,2026-06-11 05:59:59.999000+00:00,18508352.94,96146,118.49387,7422840.815,0
2026-06-11 06:00:00+00:00,62610,62997.53,62544.89,62772,1198.75098,2026-06-11 06:59:59.999000+00:00,75354270.1,135123,465.21382,29248040.86,0
2026-06-11 07:00:00+00:00,62772.01,62842.92,62612.01,62719.39,399.47563,2026-06-11 07:59:59.999000+00:00,25049312.09,81303,151.64831,9509259.755,0
2026-06-11 08:00:00+00:00,62719.39,63050,62719.38,62957.99,546.92925,2026-06-11 08:59:59.999000+00:00,34412021.55,82404,346.23669,21786637.47,0
2026-06-11 09:00:00+00:00,62958,62989.97,62790,62927.49,401.22464,2026-06-11 09:59:59.999000+00:00,25231415.4,79248,222.39297,13988046.31,0
2026-06-11 10:00:00+00:00,62927.49,63214.97,62789.62,63148,666.36315,2026-06-11 10:59:59.999000+00:00,41978178.59,110926,393.07636,24772208.66,0
2026-06-11 11:00:00+00:00,63148,63257.21,63040.01,63108,563.58106,2026-06-11 11:59:59.999000+00:00,35591976.89,109845,316.34779,19979166.62,0
2026-06-11 12:00:00+00:00,63108.01,63190,62500,63010.01,1835.01045,2026-06-11 12:59:59.999000+00:00,115322800.5,267581,803.45646,50501780.51,0
2026-06-11 13:00:00+00:00,63010,63239.43,62677.84,63077.57,1087.23984,2026-06-11 13:59:59.999000+00:00,68446359.44,237108,539.23554,33948509.68,0
2026-06-11 14:00:00+00:00,63077.71,63100,62732.6,62734.02,782.87001,2026-06-11 14:59:59.999000+00:00,49249103.47,223011,304.00682,19129876.27,0
2026-06-11 15:00:00+00:00,62734.02,62887.88,62518.1,62749.44,633.18968,2026-06-11 15:59:59.999000+00:00,39708661.97,183221,298.41847,18720728.17,0
2026-06-11 16:00:00+00:00,62749.44,62842,62548.79,62582.45,564.46406,2026-06-11 16:59:59.999000+00:00,35386530.01,125881,289.75171,18165942.42,0
2026-06-11 17:00:00+00:00,62582.45,63655.83,62348,63644.19,1821.97042,2026-06-11 17:59:59.999000+00:00,114966411.5,304656,1049.64133,66260929.63,0
2026-06-11 18:00:00+00:00,63644.18,63788,63324.35,63461.12,793.20489,2026-06-11 18:59:59.999000+00:00,50385378.71,187481,435.7956,27692671.77,0
2026-06-11 19:00:00+00:00,63461.12,63933.02,63390,63605.68,946.18552,2026-06-11 19:59:59.999000+00:00,60241615.89,174753,473.47118,30144785.92,0
2026-06-11 20:00:00+00:00,63605.69,63663.4,63270,63393.67,556.54606,2026-06-11 20:59:59.999000+00:00,35315529.07,85690,272.01755,17264539.81,0
2026-06-11 21:00:00+00:00,63393.67,63599.99,63393.66,63519.99,269.29173,2026-06-11 21:59:59.999000+00:00,17101060.53,69296,146.46574,9301543.052,0
2026-06-11 22:00:00+00:00,63519.99,63670,63462,63500.01,226.24918,2026-06-11 22:59:59.999000+00:00,14383836.87,72346,125.73844,7995061.233,0
2026-06-11 23:00:00+00:00,63500,63700,63362,63625.99,351.45962,2026-06-11 23:59:59.999000+00:00,22326674.12,72156,219.61819,13954988.28,0
2026-06-12 00:00:00+00:00,63626,63810.01,63520.86,63648.8,1229.6005,2026-06-12 00:59:59.999000+00:00,78296999.59,105139,897.43828,57148922.63,0
2026-06-12 01:00:00+00:00,63648.8,63648.8,63301.53,63426.2,745.50942,2026-06-12 01:59:59.999000+00:00,47273243.92,97368,414.80921,26299419.91,0
2026-06-12 02:00:00+00:00,63426.21,63779.11,63426.2,63624.07,398.45121,2026-06-12 02:59:59.999000+00:00,25343229.01,82101,210.81098,13408821.99,0
2026-06-12 03:00:00+00:00,63624.07,63649.99,63357.7,63524.82,280.54894,2026-06-12 03:59:59.999000+00:00,17813977.58,66411,120.05678,7619973.335,0
2026-06-12 04:00:00+00:00,63524.81,63863.98,63426.48,63700,742.01132,2026-06-12 04:59:59.999000+00:00,47276455.94,83403,417.39617,26592439.69,0
2026-06-12 05:00:00+00:00,63700,63721.31,63310,63358.2,603.70673,2026-06-12 05:59:59.999000+00:00,38294346,96962,285.49951,18105307.97,0
2026-06-12 06:00:00+00:00,63358.2,63411.5,62829.81,62980.45,1027.41759,2026-06-12 06:59:59.999000+00:00,64764243.89,140431,383.64497,24178430.9,0
2026-06-12 07:00:00+00:00,62980.46,63211.74,62956,63100.8,852.55681,2026-06-12 07:59:59.999000+00:00,53757747.72,117580,533.1122,33615883.95,0
2026-06-12 08:00:00+00:00,63100.8,63615.84,63100.8,63470.81,600.81984,2026-06-12 08:59:59.999000+00:00,38093332.47,111909,319.73908,20270059.39,0
2026-06-12 09:00:00+00:00,63470.81,63953.84,63438,63752.93,524.52211,2026-06-12 09:59:59.999000+00:00,33441384.19,125971,291.94562,18608542.63,0
2026-06-12 10:00:00+00:00,63752.93,63852,63588.34,63702.01,872.53513,2026-06-12 10:59:59.999000+00:00,55601526.83,112577,324.2033,20658463.86,0
2026-06-12 11:00:00+00:00,63702.01,63884.49,63684.44,63766.01,380.80932,2026-06-12 11:59:59.999000+00:00,24298889.71,101744,161.47598,10303942.48,0
2026-06-12 12:00:00+00:00,63766.01,63775,63378,63465.51,515.59574,2026-06-12 12:59:59.999000+00:00,32757095.67,139597,175.87563,11173924.19,0
2026-06-12 13:00:00+00:00,63465.52,63532.59,63045.29,63229.1,851.49099,2026-06-12 13:59:59.999000+00:00,53889572.57,224729,403.45811,25532622.04,0
2026-06-12 14:00:00+00:00,63229.1,64000,63190,63999.99,1065.08825,2026-06-12 14:59:59.999000+00:00,67753411.65,316830,628.52868,39992194.78,0
2026-06-12 15:00:00+00:00,63999.99,64394.44,63551.9,63593.02,1669.96199,2026-06-12 15:59:59.999000+00:00,106975335.4,343557,839.54944,53787051.49,0
2026-06-12 16:00:00+00:00,63593.02,63996,63510.16,63982.48,776.01025,2026-06-12 16:59:59.999000+00:00,49539246.4,226580,389.04712,24840649.25,0
2026-06-12 17:00:00+00:00,63982.48,64111.1,63745.99,63865.44,456.29271,2026-06-12 17:59:59.999000+00:00,29154333.03,136089,198.14186,12661679.75,0
2026-06-12 18:00:00+00:00,63865.45,63934.34,63686,63694,561.84193,2026-06-12 18:59:59.999000+00:00,35837353.56,129355,242.66014,15480056.83,0
2026-06-12 19:00:00+00:00,63694.01,63830.93,63589.27,63589.27,462.65176,2026-06-12 19:59:59.999000+00:00,29469877.89,101591,209.90645,13371326.14,0
2026-06-12 20:00:00+00:00,63589.28,63696.41,63400,63449,328.72463,2026-06-12 20:59:59.999000+00:00,20884642.32,95014,152.46349,9686806.548,0
2026-06-12 21:00:00+00:00,63449.01,63624.62,63440.01,63472,330.50626,2026-06-12 21:59:59.999000+00:00,20994527.15,64100,141.1818,8968930.723,0
2026-06-12 22:00:00+00:00,63471.99,63658,63471.99,63502,711.15075,2026-06-12 22:59:59.999000+00:00,45172674.93,76081,398.42527,25307035.52,0
2026-06-12 23:00:00+00:00,63502,63580.01,63426.83,63580.01,409.24822,2026-06-12 23:59:59.999000+00:00,25978065.26,58933,234.50226,14885910.63,0
2026-06-13 00:00:00+00:00,63580,63652.11,63507.39,63600.01,578.94188,2026-06-13 00:59:59.999000+00:00,36801720.47,60854,276.58335,17582392.33,0
2026-06-13 01:00:00+00:00,63600.01,63840,63600.01,63837.89,509.63359,2026-06-13 01:59:59.999000+00:00,32473805.43,65923,320.7921,20442883.6,0
2026-06-13 02:00:00+00:00,63837.88,63837.89,63558,63646.01,450.79285,2026-06-13 02:59:59.999000+00:00,28705629.81,56169,254.82699,16227708.65,0
2026-06-13 03:00:00+00:00,63646.01,63720.88,63418.66,63532,268.55023,2026-06-13 03:59:59.999000+00:00,17069416.54,53464,88.42819,5621946.882,0
2026-06-13 04:00:00+00:00,63532,63663.91,63484,63512.01,144.15296,2026-06-13 04:59:59.999000+00:00,9163425.357,42309,77.70102,4940072.184,0
2026-06-13 05:00:00+00:00,63512.01,63596,63493.16,63584.03,658.62782,2026-06-13 05:59:59.999000+00:00,41861784.89,69594,325.03441,20659389.63,0
2026-06-13 06:00:00+00:00,63584.03,63740,63550.51,63735.74,299.54013,2026-06-13 06:59:59.999000+00:00,19067836.76,42399,202.06889,12863569.37,0
2026-06-13 07:00:00+00:00,63736,63883.47,63674.98,63846,436.97737,2026-06-13 07:59:59.999000+00:00,27877686.7,65554,251.48372,16043755.25,0
2026-06-13 08:00:00+00:00,63845.99,63910,63766.18,63806,227.43934,2026-06-13 08:59:59.999000+00:00,14517576,50077,119.71916,7642268.361,0
2026-06-13 09:00:00+00:00,63806,63867.65,63742.57,63743.12,301.95833,2026-06-13 09:59:59.999000+00:00,19263895.11,47455,153.15167,9770953.205,0
2026-06-13 10:00:00+00:00,63743.13,63908.48,63726.57,63843.01,188.76787,2026-06-13 10:59:59.999000+00:00,12046390.12,50825,102.33816,6530376.961,0
2026-06-13 11:00:00+00:00,63843.01,63984.53,63843.01,63971.28,479.05156,2026-06-13 11:59:59.999000+00:00,30624976.08,52612,271.7721,17375736.42,0
2026-06-13 12:00:00+00:00,63971.28,64214,63921.33,64133.12,878.04841,2026-06-13 12:59:59.999000+00:00,56219033.43,73333,541.40358,34665611.63,0
2026-06-13 13:00:00+00:00,64133.12,64245.88,64060,64102.69,499.73169,2026-06-13 13:59:59.999000+00:00,32064850.25,87468,292.17925,18748148.43,0
2026-06-13 14:00:00+00:00,64102.61,64233.73,64090.09,64220.97,206.46033,2026-06-13 14:59:59.999000+00:00,13248784.99,54400,90.11797,5783422.294,0
2026-06-13 15:00:00+00:00,64220.96,64350,64186.97,64296.15,584.92205,2026-06-13 15:59:59.999000+00:00,37596919.92,75246,303.86397,19529939.67,0
2026-06-13 16:00:00+00:00,64296.15,64307.52,63920.05,64029.17,720.7481,2026-06-13 16:59:59.999000+00:00,46170392.39,115524,308.30544,19752618.18,0
2026-06-13 17:00:00+00:00,64029.17,64120,63944,63971.19,301.75645,2026-06-13 17:59:59.999000+00:00,19324339.82,70427,131.4847,8421706.549,0
2026-06-13 18:00:00+00:00,63971.2,64282.19,63971.19,64161.46,278.72154,2026-06-13 18:59:59.999000+00:00,17871283.4,56803,118.35997,7591100.71,0
2026-06-13 19:00:00+00:00,64161.46,64333.62,64152,64296.59,308.7181,2026-06-13 19:59:59.999000+00:00,19827452.15,51650,185.39059,11907472.67,0
2026-06-13 20:00:00+00:00,64296.59,64296.6,64226.83,64278.31,179.3189,2026-06-13 20:59:59.999000+00:00,11522212.65,38177,80.07045,5145092.68,0
2026-06-13 21:00:00+00:00,64278.31,64762.77,64226.38,64471.04,552.39519,2026-06-13 21:59:59.999000+00:00,35610734.74,90869,339.72404,21900179.64,0
2026-06-13 22:00:00+00:00,64471.04,64556,64383.61,64456.47,316.2712,2026-06-13 22:59:59.999000+00:00,20391761.95,61500,174.83707,11272194.04,0
2026-06-13 23:00:00+00:00,64456.46,64596.99,64382.42,64458.01,589.21574,2026-06-13 23:59:59.999000+00:00,37980141.54,56377,316.71239,20414862.82,0
2026-06-14 00:00:00+00:00,64458.01,64579.03,64380.7,64565,595.05205,2026-06-14 00:59:59.999000+00:00,38360819.83,63329,374.90168,24170060.7,0
2026-06-14 01:00:00+00:00,64565.01,64710,64507.25,64563,821.19702,2026-06-14 01:59:59.999000+00:00,53052668.57,74962,395.19998,25530501.38,0
2026-06-14 02:00:00+00:00,64563,64636,64476.01,64490.01,260.23317,2026-06-14 02:59:59.999000+00:00,16801813.17,40920,153.50155,9911289.524,0
2026-06-14 03:00:00+00:00,64490.01,64545.4,64466,64545.3,155.67419,2026-06-14 03:59:59.999000+00:00,10041878.72,35537,85.7371,5530294.79,0
2026-06-14 04:00:00+00:00,64545.3,64563.48,64325.61,64339.07,253.74802,2026-06-14 04:59:59.999000+00:00,16344828.77,39870,98.02759,6313806.39,0
2026-06-14 05:00:00+00:00,64339.07,64411.2,64293.41,64338,429.46847,2026-06-14 05:59:59.999000+00:00,27638186.31,39743,223.03276,14353670.51,0
2026-06-14 06:00:00+00:00,64338,64487.8,64232.12,64286.1,839.75348,2026-06-14 06:59:59.999000+00:00,54024331.02,77432,290.06916,18665463.01,0
2026-06-14 07:00:00+00:00,64286.1,64445.95,64214,64429.39,256.82492,2026-06-14 07:59:59.999000+00:00,16517739.66,38351,121.42991,7811066.004,0
2026-06-14 08:00:00+00:00,64429.39,64513.82,64392,64456.33,192.66954,2026-06-14 08:59:59.999000+00:00,12420567.95,34947,88.9063,5731493.527,0
2026-06-14 09:00:00+00:00,64456.33,64617.99,64321.18,64616,237.3813,2026-06-14 09:59:59.999000+00:00,15298521.49,48596,107.4067,6925372.547,0
2026-06-14 10:00:00+00:00,64616,64664,64498.01,64521.13,184.13016,2026-06-14 10:59:59.999000+00:00,11891057.77,41286,95.08219,6140321.334,0
2026-06-14 11:00:00+00:00,64521.13,64641.9,64460,64546,228.11339,2026-06-14 11:59:59.999000+00:00,14730769.12,41163,137.74142,8895693.84,0
2026-06-14 12:00:00+00:00,64546.01,64560.66,64295.06,64327.53,334.09454,2026-06-14 12:59:59.999000+00:00,21519597.63,51704,89.42846,5760921.663,0
2026-06-14 13:00:00+00:00,64327.54,64398.14,64244,64317.99,308.61157,2026-06-14 13:59:59.999000+00:00,19849141.94,72148,183.20213,11782589.68,0
2026-06-14 14:00:00+00:00,64318,64341.43,63866.66,63983.55,781.47067,2026-06-14 14:59:59.999000+00:00,50061740.31,122488,340.29581,21811083.91,0
2026-06-14 15:00:00+00:00,63983.56,64153.75,63980.35,64025.07,366.74561,2026-06-14 15:59:59.999000+00:00,23501044.25,69486,219.6129,14074886.07,0
2026-06-14 16:00:00+00:00,64025.06,64208.92,63936,63942.63,256.58722,2026-06-14 16:59:59.999000+00:00,16443305.83,65207,110.83426,7104072.05,0
2026-06-14 17:00:00+00:00,63942.63,64019.38,63694.11,63732.64,617.57994,2026-06-14 17:59:59.999000+00:00,39443980.38,84100,157.09442,10033878.78,0
2026-06-14 18:00:00+00:00,63732.65,63813.3,63678.83,63813.3,258.88821,2026-06-14 18:59:59.999000+00:00,16501211.7,58351,111.01499,7076922.658,0
2026-06-14 19:00:00+00:00,63813.3,63861.86,63734.71,63802,107.594,2026-06-14 19:59:59.999000+00:00,6864829.757,41043,57.55426,3672315.185,0
2026-06-14 20:00:00+00:00,63801.99,64092.4,63794.09,64008.64,243.2036,2026-06-14 20:59:59.999000+00:00,15558343.4,52955,110.07679,7039921.707,0
2026-06-14 21:00:00+00:00,64008.64,65666,64007.24,65311.59,2955.01268,2026-06-14 21:59:59.999000+00:00,192087413,370664,2177.05529,141503921.6,0
2026-06-14 22:00:00+00:00,65311.59,65580,64946.12,65426.78,1554.15469,2026-06-14 22:59:59.999000+00:00,101390712.7,302247,773.81098,50493257.02,0
2026-06-14 23:00:00+00:00,65426.78,65800,65256.21,65746.45,964.84531,2026-06-14 23:59:59.999000+00:00,63310036.02,194372,465.02939,30510876.42,0
2026-06-15 00:00:00+00:00,65746.45,65923,65480.69,65625.99,1043.52596,2026-06-15 00:59:59.999000+00:00,68550488.37,175233,509.73192,33499508.89,0
2026-06-15 01:00:00+00:00,65626,65734.87,65354,65525,855.38843,2026-06-15 01:59:59.999000+00:00,56077183.17,137154,337.66998,22135349.89,0
2026-06-15 02:00:00+00:00,65525.01,65775.15,65415.02,65472.01,587.73145,2026-06-15 02:59:59.999000+00:00,38539321.1,96638,281.99495,18494388.86,0
2026-06-15 03:00:00+00:00,65472.01,65995,65422.83,65927.1,767.65798,2026-06-15 03:59:59.999000+00:00,50472455.65,123001,386.01793,25391175.15,0
2026-06-15 04:00:00+00:00,65927.11,65927.11,65633.28,65644.01,564.25779,2026-06-15 04:59:59.999000+00:00,37082692.54,79503,241.66342,15879307.66,0
2026-06-15 05:00:00+00:00,65644,65872,65611.01,65858.01,477.26671,2026-06-15 05:59:59.999000+00:00,31355279.2,66485,311.1638,20440728.98,0
2026-06-15 06:00:00+00:00,65858,65967.27,65775.45,65812.01,365.24859,2026-06-15 06:59:59.999000+00:00,24056668.55,71717,149.93234,9876685.998,0
2026-06-15 07:00:00+00:00,65812.01,66000,65628.45,65674.76,574.31747,2026-06-15 07:59:59.999000+00:00,37789088.56,95605,263.1448,17320995.34,0
2026-06-15 08:00:00+00:00,65674.76,65800,65620,65662.01,363.0048,2026-06-15 08:59:59.999000+00:00,23845600.69,68659,185.51209,12185815.55,0
2026-06-15 09:00:00+00:00,65662,65779.5,65512,65596.86,344.30264,2026-06-15 09:59:59.999000+00:00,22599468.01,69955,168.84239,11082419.61,0
2026-06-15 10:00:00+00:00,65596.86,65973.15,65584.37,65917.37,544.78922,2026-06-15 10:59:59.999000+00:00,35847453.91,79895,274.76722,18082457.02,0
2026-06-15 11:00:00+00:00,65917.37,66385.12,65832.78,66233.9,1293.72734,2026-06-15 11:59:59.999000+00:00,85604358.29,225903,600.3413,39713186.06,0
2026-06-15 12:00:00+00:00,66233.89,66600.91,66106,66563.49,987.26981,2026-06-15 12:59:59.999000+00:00,65495575.31,144746,516.40415,34261634.59,0
2026-06-15 13:00:00+00:00,66563.48,66949.22,66412,66447.05,1919.26303,2026-06-15 13:59:59.999000+00:00,127974451.4,253336,1025.72954,68395504.13,0
2026-06-15 14:00:00+00:00,66447.06,66675.83,66251.58,66591.55,940.8464,2026-06-15 14:59:59.999000+00:00,62508954.49,154448,423.93249,28177293.33,0
2026-06-15 15:00:00+00:00,66591.54,67292.15,66580.42,67292.14,1466.9579,2026-06-15 15:59:59.999000+00:00,98208951.29,199612,829.81277,55557772.27,0
2026-06-15 16:00:00+00:00,67292.15,67292.15,67088.83,67157.99,1096.95936,2026-06-15 16:59:59.999000+00:00,73692256.9,179367,463.77003,31154887.41,0
2026-06-15 17:00:00+00:00,67158,67158,66585.26,66851.79,1340.24388,2026-06-15 17:59:59.999000+00:00,89600781.33,167012,445.26166,29773688.94,0
2026-06-15 18:00:00+00:00,66851.8,66933.86,66715.61,66766.12,590.69175,2026-06-15 18:59:59.999000+00:00,39476785.84,126652,305.62539,20424697.72,0
2026-06-15 19:00:00+00:00,66766.13,66889.85,66348,66614.35,780.39583,2026-06-15 19:59:59.999000+00:00,52002003,169428,367.26213,24470107.31,0
2026-06-15 20:00:00+00:00,66615.98,66681.3,66489.86,66519.98,339.47285,2026-06-15 20:59:59.999000+00:00,22597846.18,97772,190.45698,12678085.46,0
2026-06-15 21:00:00+00:00,66519.99,66567.38,66314.34,66368.15,347.81382,2026-06-15 21:59:59.999000+00:00,23113606.07,92447,131.14621,8715295.72,0
2026-06-15 22:00:00+00:00,66368.15,66476.64,66076.56,66206.34,520.15584,2026-06-15 22:59:59.999000+00:00,34466942.59,160615,258.69663,17148305.44,0
2026-06-15 23:00:00+00:00,66206.34,66368,66116.59,66328.74,448.51217,2026-06-15 23:59:59.999000+00:00,29717028.13,105311,158.44391,10493530.62,0
2026-06-16 00:00:00+00:00,66328.74,66463.26,66242,66250,457.62239,2026-06-16 00:59:59.999000+00:00,30368144.33,100700,189.00547,12539787.86,0
2026-06-16 01:00:00+00:00,66250,66418.01,66248.93,66346.52,456.63949,2026-06-16 01:59:59.999000+00:00,30292274.66,82161,197.53136,13103109.84,0
2026-06-16 02:00:00+00:00,66346.51,66367.69,65678.14,65741.99,964.73227,2026-06-16 02:59:59.999000+00:00,63645550.15,155977,396.59651,26171077.83,0
2026-06-16 03:00:00+00:00,65742,66166.61,65650,66165.21,802.10485,2026-06-16 03:59:59.999000+00:00,52878277.78,94943,441.98391,29139772.04,0
2026-06-16 04:00:00+00:00,66165.21,66301.83,65802,65840.09,694.50218,2026-06-16 04:59:59.999000+00:00,45830171.2,104123,324.02991,21393938.51,0
2026-06-16 05:00:00+00:00,65840.1,66150.22,65840.09,66045,739.41945,2026-06-16 05:59:59.999000+00:00,48831353.49,81120,426.88754,28188432.19,0
2026-06-16 06:00:00+00:00,66044.99,66572.99,66044.99,66446,556.56171,2026-06-16 06:59:59.999000+00:00,36941542.66,89508,360.02682,23891162.15,0
2026-06-16 07:00:00+00:00,66446.01,66527.23,66300.1,66372,385.79165,2026-06-16 07:59:59.999000+00:00,25609125.5,83861,201.93741,13404291.69,0
2026-06-16 08:00:00+00:00,66372,66992,66345.06,66899.61,688.96018,2026-06-16 08:59:59.999000+00:00,45900589.06,148871,391.38929,26078972.19,0
2026-06-16 09:00:00+00:00,66899.61,66923.99,66474.74,66510,600.75927,2026-06-16 09:59:59.999000+00:00,40055348.39,129159,243.56464,16243277.25,0
2026-06-16 10:00:00+00:00,66510.01,66778,66486.38,66514,387.22813,2026-06-16 10:59:59.999000+00:00,25793879.25,103524,228.06983,15192175.73,0
2026-06-16 11:00:00+00:00,66514.01,66643.23,66368.36,66481.73,467.239,2026-06-16 11:59:59.999000+00:00,31048324.7,96607,218.30851,14506871.72,0
2026-06-16 12:00:00+00:00,66481.73,66818,66368,66429.83,562.31913,2026-06-16 12:59:59.999000+00:00,37422119.93,182445,284.52457,18938530.21,0
2026-06-16 13:00:00+00:00,66429.84,66463.13,65928.16,66052,1347.85119,2026-06-16 13:59:59.999000+00:00,89122781.68,244169,454.00939,30014582,0
2026-06-16 14:00:00+00:00,66052.01,66265.8,65360.92,65654.9,1491.76291,2026-06-16 14:59:59.999000+00:00,98019160.94,314094,556.98215,36597776.1,0
2026-06-16 15:00:00+00:00,65654.9,65999.78,65614.3,65859.76,788.81576,2026-06-16 15:59:59.999000+00:00,51903803.21,205643,367.46078,24177312.48,0
2026-06-16 16:00:00+00:00,65859.76,65953.97,65706,65758.07,338.72091,2026-06-16 16:59:59.999000+00:00,22286813.66,122815,139.74708,9194815.507,0
2026-06-16 17:00:00+00:00,65758.07,66011.47,65710.34,65978.79,383.38742,2026-06-16 17:59:59.999000+00:00,25241707.31,105857,217.1831,14303510.57,0
2026-06-16 18:00:00+00:00,65978.78,66248.69,65802,65847.99,522.72648,2026-06-16 18:59:59.999000+00:00,34499667.17,130649,300.64595,19841518.17,0
2026-06-16 19:00:00+00:00,65848,65848,65560,65675.88,617.37667,2026-06-16 19:59:59.999000+00:00,40546401.41,128248,258.08382,16950966.02,0
2026-06-16 20:00:00+00:00,65675.89,65865.92,65592,65854,261.11445,2026-06-16 20:59:59.999000+00:00,17167553.68,70933,128.34586,8439829.187,0
2026-06-16 21:00:00+00:00,65854,65938,65654.9,65776.97,351.42219,2026-06-16 21:59:59.999000+00:00,23121806.21,64306,160.34932,10550823.67,0
2026-06-16 22:00:00+00:00,65776.97,65882,65680,65780,228.62751,2026-06-16 22:59:59.999000+00:00,15035759.62,63107,136.71127,8990318.736,0
2026-06-16 23:00:00+00:00,65780.01,65834.19,65626.9,65675.01,206.37282,2026-06-16 23:59:59.999000+00:00,13563028.27,61809,86.2267,5666402.846,0
2026-06-17 00:00:00+00:00,65675.02,65848,65675.02,65700,332.30374,2026-06-17 00:59:59.999000+00:00,21852975.92,74923,146.3418,9625200.769,0
2026-06-17 01:00:00+00:00,65700,65956.56,65477.5,65940,549.42502,2026-06-17 01:59:59.999000+00:00,36101553.12,119047,345.29732,22692076.93,0
2026-06-17 02:00:00+00:00,65940,66200,65788,65904,974.93815,2026-06-17 02:59:59.999000+00:00,64292532.86,119631,555.69161,36651619.02,0
2026-06-17 03:00:00+00:00,65903.99,65904,65703.45,65851.99,563.57309,2026-06-17 03:59:59.999000+00:00,37087365.32,70220,210.96364,13882427.7,0
2026-06-17 04:00:00+00:00,65852,66048.19,65788.31,65892,473.33682,2026-06-17 04:59:59.999000+00:00,31190416.53,56980,237.24159,15633573.38,0
2026-06-17 05:00:00+00:00,65892.01,65978,65746.51,65836.3,536.04504,2026-06-17 05:59:59.999000+00:00,35291320.98,61396,253.33313,16678273.96,0
2026-06-17 06:00:00+00:00,65836.3,65896.45,65582.63,65624,378.80773,2026-06-17 06:59:59.999000+00:00,24893605,67028,155.93228,10248228.18,0
2026-06-17 07:00:00+00:00,65624.01,65710,65251,65539.5,697.28548,2026-06-17 07:59:59.999000+00:00,45655904.41,118679,291.59187,19099850.26,0
2026-06-17 08:00:00+00:00,65539.51,65574,64833.07,64926.02,992.25057,2026-06-17 08:59:59.999000+00:00,64620596.41,143396,318.32557,20735773.05,0
2026-06-17 09:00:00+00:00,64926.02,65076.76,64842.01,64909.44,859.97592,2026-06-17 09:59:59.999000+00:00,55856735.85,91669,549.5788,35697759.42,0
2026-06-17 10:00:00+00:00,64909.44,64993.97,64768,64798,597.7384,2026-06-17 10:59:59.999000+00:00,38779654.59,106385,282.78684,18347837.68,0
2026-06-17 11:00:00+00:00,64798,64868.21,64565,64810.01,641.24645,2026-06-17 11:59:59.999000+00:00,41489679.69,142704,309.39115,20019064.13,0
2026-06-17 12:00:00+00:00,64810.01,65108,64590.53,65040.88,557.73466,2026-06-17 12:59:59.999000+00:00,36151085.85,141626,280.35871,18177976.15,0
2026-06-17 13:00:00+00:00,65040.88,65369.53,64850,65278,961.56723,2026-06-17 13:59:59.999000+00:00,62634372.95,188583,560.93101,36541966.9,0
2026-06-17 14:00:00+00:00,65278,65461.38,64772.72,65101.45,799.61288,2026-06-17 14:59:59.999000+00:00,52118607.3,241637,417.02998,27185915.86,0
2026-06-17 15:00:00+00:00,65101.45,65855.66,64987.74,65752,1172.17515,2026-06-17 15:59:59.999000+00:00,76797923.09,214464,618.5247,40526220.12,0
2026-06-17 16:00:00+00:00,65751.99,66445.93,65722,65864.12,1421.90632,2026-06-17 16:59:59.999000+00:00,93837172.46,248191,679.3246,44867950.26,0
2026-06-17 17:00:00+00:00,65864.13,66191.98,65800,66104.08,377.59846,2026-06-17 17:59:59.999000+00:00,24907311.61,137823,187.03905,12340605.85,0
2026-06-17 18:00:00+00:00,66107.99,66107.99,64800,65516,2242.57142,2026-06-17 18:59:59.999000+00:00,146945357.1,526846,1090.52008,71442651.63,0
2026-06-17 19:00:00+00:00,65516,65666,63998.35,64301.85,2173.5643,2026-06-17 19:59:59.999000+00:00,140184616.7,514012,984.83734,63495639.52,0
2026-06-17 20:00:00+00:00,64301.85,64488.96,64181.33,64434.36,504.85432,2026-06-17 20:59:59.999000+00:00,32483238.85,180344,259.60817,16706020.52,0
2026-06-17 21:00:00+00:00,64434.36,64452,64142,64257.77,458.08471,2026-06-17 21:59:59.999000+00:00,29453765.5,119924,193.92494,12467645.38,0
2026-06-17 22:00:00+00:00,64257.77,64434.84,63915.77,64300.01,492.23769,2026-06-17 22:59:59.999000+00:00,31601049.55,145409,246.73121,15842125.93,0
2026-06-17 23:00:00+00:00,64300.01,64529.2,64248,64509.4,289.82054,2026-06-17 23:59:59.999000+00:00,18671706.51,102206,169.00269,10889190.16,0
2026-06-18 00:00:00+00:00,64509.4,64702,64457.67,64468.01,396.7915,2026-06-18 00:59:59.999000+00:00,25629422.38,108439,197.49273,12756094.02,0
2026-06-18 01:00:00+00:00,64468.01,64806,64466.3,64548.74,382.95414,2026-06-18 01:59:59.999000+00:00,24762548.06,106630,222.31694,14377301.85,0
2026-06-18 02:00:00+00:00,64548.75,64776.66,64488,64689.5,323.93999,2026-06-18 02:59:59.999000+00:00,20950236.06,82799,186.10622,12034406.83,0
2026-06-18 03:00:00+00:00,64689.5,64689.5,64267.86,64282.82,548.57792,2026-06-18 03:59:59.999000+00:00,35330803.28,93807,267.69151,17234673.24,0
2026-06-18 04:00:00+00:00,64282.82,64347.09,63826.93,63883.41,831.20199,2026-06-18 04:59:59.999000+00:00,53201655.98,175593,338.16865,21643310.68,0
2026-06-18 05:00:00+00:00,63883.26,64020,63696.29,63994,597.91477,2026-06-18 05:59:59.999000+00:00,38185018.68,143720,226.53487,14474338.1,0
2026-06-18 06:00:00+00:00,63994,64134.33,63850,64083.41,767.55142,2026-06-18 06:59:59.999000+00:00,49132177.19,97665,458.61133,29359600.87,0
2026-06-18 07:00:00+00:00,64084,64510.5,64015.42,64510.44,524.85633,2026-06-18 07:59:59.999000+00:00,33739505.3,97302,261.80481,16829279.42,0
2026-06-18 08:00:00+00:00,64510.45,64646.75,64378.25,64399.92,714.20438,2026-06-18 08:59:59.999000+00:00,46073567.02,106080,226.19462,14592635.3,0
2026-06-18 09:00:00+00:00,64399.93,64478,64196.14,64199.53,300.31875,2026-06-18 09:59:59.999000+00:00,19317405.37,84227,132.34651,8514948.679,0
2026-06-18 10:00:00+00:00,64199.53,64223.79,63910,64078.61,445.57306,2026-06-18 10:59:59.999000+00:00,28529224.12,105015,181.44155,11618954.12,0
2026-06-18 11:00:00+00:00,64078.61,64196,63878.14,63974.4,378.00473,2026-06-18 11:59:59.999000+00:00,24184804.4,94902,165.85271,10612303.35,0
2026-06-18 12:00:00+00:00,63974.4,64402.01,63922,64378.07,417.60478,2026-06-18 12:59:59.999000+00:00,26791351.23,121658,217.65583,13964079.3,0
2026-06-18 13:00:00+00:00,64378.06,64445.19,63800,63984,984.80789,2026-06-18 13:59:59.999000+00:00,63192454.44,226901,519.64113,33357053.08,0
2026-06-18 14:00:00+00:00,63983.99,64203.66,63587.3,63816.61,998.41474,2026-06-18 14:59:59.999000+00:00,63762248.32,297660,502.05098,32071572.97,0
2026-06-18 15:00:00+00:00,63816.61,63825.99,62293.76,62369.44,2793.66043,2026-06-18 15:59:59.999000+00:00,176099274.9,475039,1166.82239,73570746.82,0
2026-06-18 16:00:00+00:00,62369.43,62814,62349.42,62688,1271.71361,2026-06-18 16:59:59.999000+00:00,79655196.57,263533,692.76492,43387029.82,0
2026-06-18 17:00:00+00:00,62688,62750,62272.07,62606,1003.68212,2026-06-18 17:59:59.999000+00:00,62761769.56,198226,496.04043,31022876.25,0
2026-06-18 18:00:00+00:00,62606,62959.75,62580.01,62708.92,727.06223,2026-06-18 18:59:59.999000+00:00,45630435.93,179488,370.99795,23282653.07,0
2026-06-18 19:00:00+00:00,62708.93,63008.33,62636,62950.79,577.63764,2026-06-18 19:59:59.999000+00:00,36313040.85,139167,314.76772,19789201.39,0
2026-06-18 20:00:00+00:00,62950.79,63274.19,62950.79,63086,684.93429,2026-06-18 20:59:59.999000+00:00,43236575.64,136414,362.93592,22910353.63,0
2026-06-18 21:00:00+00:00,63086,63121.81,62870.39,62971.32,466.34172,2026-06-18 21:59:59.999000+00:00,29374643.29,90438,215.93748,13601825.75,0
2026-06-18 22:00:00+00:00,62971.32,62990,62742,62885.85,290.36064,2026-06-18 22:59:59.999000+00:00,18250198,66089,157.26762,9886495.065,0
2026-06-18 23:00:00+00:00,62885.84,62985.12,62756.6,62958.01,507.48754,2026-06-18 23:59:59.999000+00:00,31911824.66,83139,267.2177,16801847.46,0
2026-06-19 00:00:00+00:00,62958.01,63086,62840,63020,786.22825,2026-06-19 00:59:59.999000+00:00,49519737.29,88062,360.75437,22720438.43,0
2026-06-19 01:00:00+00:00,63020,63100,62852.01,63021.86,542.43308,2026-06-19 01:59:59.999000+00:00,34164445.19,94953,295.06201,18583559.01,0
2026-06-19 02:00:00+00:00,63021.86,63110.29,62893.71,63006,304.818,2026-06-19 02:59:59.999000+00:00,19202686.35,70828,155.16692,9775188.662,0
2026-06-19 03:00:00+00:00,63006.01,63029.64,62386.9,62773.51,835.4402,2026-06-19 03:59:59.999000+00:00,52360713.92,142753,299.52384,18775257.29,0
2026-06-19 04:00:00+00:00,62773.52,62916.66,62409.55,62452.01,390.96231,2026-06-19 04:59:59.999000+00:00,24492367.84,118665,185.26454,11608870.04,0
2026-06-19 05:00:00+00:00,62452.01,62744.92,62452,62739.2,361.83315,2026-06-19 05:59:59.999000+00:00,22661555.41,92897,188.19809,11785622.7,0
2026-06-19 06:00:00+00:00,62739.2,62914.73,62728,62894.08,252.94439,2026-06-19 06:59:59.999000+00:00,15886968.36,75455,154.32046,9692271.027,0
2026-06-19 07:00:00+00:00,62894.09,62917.32,62504.27,62629.99,636.21109,2026-06-19 07:59:59.999000+00:00,39848657.95,116470,367.30516,23000655.6,0
2026-06-19 08:00:00+00:00,62630,62782,62533.33,62603.99,431.84041,2026-06-19 08:59:59.999000+00:00,27052055.75,83540,251.00592,15724656.95,0
2026-06-19 09:00:00+00:00,62604,62654,62316.44,62390,921.6732,2026-06-19 09:59:59.999000+00:00,57538548.87,130175,454.25338,28355966.3,0
2026-06-19 10:00:00+00:00,62390.01,62587.27,62383.76,62533.25,761.99981,2026-06-19 10:59:59.999000+00:00,47613535.83,119390,311.74386,19478409,0
2026-06-19 11:00:00+00:00,62533.24,62684,62452.52,62626,1001.15104,2026-06-19 11:59:59.999000+00:00,62664706.56,90447,377.83978,23646297.93,0
2026-06-19 12:00:00+00:00,62626,62872.99,62353,62830.01,630.52118,2026-06-19 12:59:59.999000+00:00,39470878.63,131646,339.30624,21242265.87,0
2026-06-19 13:00:00+00:00,62830.01,63415,62666,63210,1078.35943,2026-06-19 13:59:59.999000+00:00,68006863.16,192948,638.52047,40259263.33,0
2026-06-19 14:00:00+00:00,63210,63419.27,63010,63203.53,665.42698,2026-06-19 14:59:59.999000+00:00,42063454.53,197338,251.87631,15925848.44,0
2026-06-19 15:00:00+00:00,63203.54,63283.86,63019.26,63214.01,527.206,2026-06-19 15:59:59.999000+00:00,33303084.77,156194,214.00391,13518846.34,0
2026-06-19 16:00:00+00:00,63214.01,63387.8,62918.98,62971.99,1021.4111,2026-06-19 16:59:59.999000+00:00,64580449.15,164858,381.22434,24119176.53,0
2026-06-19 17:00:00+00:00,62972,63263.49,62866.99,63198.01,840.75861,2026-06-19 17:59:59.999000+00:00,53035002.04,155816,504.38824,31829524.78,0
2026-06-19 18:00:00+00:00,63198,63201.95,62991.37,63110.01,341.96414,2026-06-19 18:59:59.999000+00:00,21580970.27,90956,141.8043,8949744.507,0
2026-06-19 19:00:00+00:00,63110.01,63140,62942,63021.6,283.46164,2026-06-19 19:59:59.999000+00:00,17868914.87,73876,91.02112,5737579.791,0
2026-06-19 20:00:00+00:00,63021.6,63274,62958.59,63250.01,217.92541,2026-06-19 20:59:59.999000+00:00,13751344.79,69458,91.96372,5803766.519,0
2026-06-19 21:00:00+00:00,63250.01,63275.64,63060,63075.98,181.69443,2026-06-19 21:59:59.999000+00:00,11476268.32,63376,75.15176,4746615.063,0
2026-06-19 22:00:00+00:00,63075.99,63369.48,63048,63315.28,541.93138,2026-06-19 22:59:59.999000+00:00,34264142.04,65858,234.68426,14836207.65,0
2026-06-19 23:00:00+00:00,63315.29,63666,63276,63543.91,689.22877,2026-06-19 23:59:59.999000+00:00,43695600.88,85959,344.82664,21865496.51,0
2026-06-20 00:00:00+00:00,63543.9,63777,63470,63530.01,640.14667,2026-06-20 00:59:59.999000+00:00,40707663.09,121182,317.59835,20195737.22,0
2026-06-20 01:00:00+00:00,63530.01,63616.23,63404,63586.28,348.64849,2026-06-20 01:59:59.999000+00:00,22138186.58,71942,199.39951,12660588.89,0
2026-06-20 02:00:00+00:00,63586.27,63586.27,63336.01,63340.57,358.87789,2026-06-20 02:59:59.999000+00:00,22758448.11,68463,110.26002,6991323.28,0
2026-06-20 03:00:00+00:00,63340.58,63510,63320.14,63476.79,268.88477,2026-06-20 03:59:59.999000+00:00,17054693.95,51020,151.48828,9610024.843,0
2026-06-20 04:00:00+00:00,63476.79,63613.59,63402,63583.53,228.62975,2026-06-20 04:59:59.999000+00:00,14521572.99,49082,107.18415,6809908.716,0
2026-06-20 05:00:00+00:00,63583.53,63907.07,63543.46,63678.07,477.24749,2026-06-20 05:59:59.999000+00:00,30413530.51,100201,282.38244,17996058.27,0
2026-06-20 06:00:00+00:00,63678.07,63761.99,63640.36,63744.61,191.88822,2026-06-20 06:59:59.999000+00:00,12224549.88,48178,103.16725,6572874.29,0
2026-06-20 07:00:00+00:00,63744.61,63800,63594.37,63655.21,448.4829,2026-06-20 07:59:59.999000+00:00,28584017.42,70422,211.54052,13482310.76,0
2026-06-20 08:00:00+00:00,63655.21,63664.39,63392.41,63417.97,547.04803,2026-06-20 08:59:59.999000+00:00,34736903.25,70209,204.53999,12987933.11,0
2026-06-20 09:00:00+00:00,63417.98,63787.74,63417.98,63741.16,349.02093,2026-06-20 09:59:59.999000+00:00,22194344.74,69048,211.91805,13475790.52,0
2026-06-20 10:00:00+00:00,63741.16,63777.5,63592.44,63674.7,270.1692,2026-06-20 10:59:59.999000+00:00,17206848.84,47278,98.42687,6269133.221,0
2026-06-20 11:00:00+00:00,63674.71,63798.76,63620.74,63688,315.13807,2026-06-20 11:59:59.999000+00:00,20069649.99,43646,167.47349,10665382.07,0
2026-06-20 12:00:00+00:00,63688,63785.76,63537.99,63655.09,292.10361,2026-06-20 12:59:59.999000+00:00,18602225.56,54586,158.75926,10110181.33,0
2026-06-20 13:00:00+00:00,63655.1,63655.1,63278,63397.78,412.69589,2026-06-20 13:59:59.999000+00:00,26175619.31,91173,187.36932,11883007.64,0
2026-06-20 14:00:00+00:00,63397.77,64150,63184.21,63949.9,1101.98952,2026-06-20 14:59:59.999000+00:00,70157672.52,196432,587.86079,37470903.46,0
2026-06-20 15:00:00+00:00,63949.9,64388,63836,64160.04,916.57166,2026-06-20 15:59:59.999000+00:00,58777200.86,198394,510.97972,32763542.05,0
2026-06-20 16:00:00+00:00,64160.04,64167.26,63902.58,64034.31,403.42996,2026-06-20 16:59:59.999000+00:00,25825331.25,124149,192.94529,12351527.52,0
2026-06-20 17:00:00+00:00,64034.31,64041.07,63730.21,63834.7,482.18112,2026-06-20 17:59:59.999000+00:00,30803826.48,127375,168.91037,10793139.45,0
2026-06-20 18:00:00+00:00,63834.7,63928.4,63788,63805.89,119.99479,2026-06-20 18:59:59.999000+00:00,7661305.134,48309,66.93977,4274123.452,0
2026-06-20 19:00:00+00:00,63805.9,63968,63798,63936,173.41555,2026-06-20 19:59:59.999000+00:00,11080948.5,54582,111.02592,7094222.421,0
2026-06-20 20:00:00+00:00,63935.99,63981.09,63853.31,63925.99,210.00109,2026-06-20 20:59:59.999000+00:00,13424167.58,43754,56.89124,3636589.168,0
2026-06-20 21:00:00+00:00,63926,64092.91,63918.29,64012.4,272.00511,2026-06-20 21:59:59.999000+00:00,17405324.27,70462,117.31717,7507181.145,0
2026-06-20 22:00:00+00:00,64012.39,64350,63978.12,64272.01,446.43904,2026-06-20 22:59:59.999000+00:00,28667859.22,99128,200.56736,12879376.04,0
2026-06-20 23:00:00+00:00,64272,64336.91,64250.02,64298.01,247.09349,2026-06-20 23:59:59.999000+00:00,15885321.71,51066,144.91366,9315840.741,0
2026-06-21 00:00:00+00:00,64298.01,64322.91,64237.31,64294,425.19081,2026-06-21 00:59:59.999000+00:00,27328722.28,42158,215.71316,13864702.33,0
2026-06-21 01:00:00+00:00,64294,64323.68,64206.17,64248,486.06931,2026-06-21 01:59:59.999000+00:00,31227606.55,50456,117.93843,7577892.299,0
2026-06-21 02:00:00+00:00,64248,64275.12,64216.05,64241.25,230.0633,2026-06-21 02:59:59.999000+00:00,14780488.89,40822,104.10731,6688837.603,0
2026-06-21 03:00:00+00:00,64241.26,64472.99,64234,64426,409.22163,2026-06-21 03:59:59.999000+00:00,26345662.76,73844,282.54079,18189667.88,0
2026-06-21 04:00:00+00:00,64426,64588,64269.45,64276.12,379.39058,2026-06-21 04:59:59.999000+00:00,24451616.55,76698,210.92645,13596194.44,0
2026-06-21 05:00:00+00:00,64276.12,64365.43,64225.6,64256.55,166.55047,2026-06-21 05:59:59.999000+00:00,10705100.23,44167,79.38338,5102849.876,0
2026-06-21 06:00:00+00:00,64256.56,64323.99,64200,64303.46,142.55901,2026-06-21 06:59:59.999000+00:00,9162049.217,33110,80.09574,5148029.907,0
2026-06-21 07:00:00+00:00,64303.47,64303.47,64173.08,64191.07,302.97907,2026-06-21 07:59:59.999000+00:00,19458367.93,38924,102.70537,6595289.803,0
2026-06-21 08:00:00+00:00,64191.06,64228,63900.17,64014,328.07237,2026-06-21 08:59:59.999000+00:00,21010754.77,62260,131.75639,8439736.718,0
2026-06-21 09:00:00+00:00,64014,64246,63961.28,64209.16,221.03822,2026-06-21 09:59:59.999000+00:00,14166363.33,50891,109.10319,6995084.494,0
2026-06-21 10:00:00+00:00,64209.16,64408,64204,64365.99,286.23088,2026-06-21 10:59:59.999000+00:00,18411262.74,56345,163.21432,10497574.17,0
2026-06-21 11:00:00+00:00,64366,64483.95,64112.01,64176,438.27788,2026-06-21 11:59:59.999000+00:00,28177934.58,109353,222.30328,14296671.12,0
2026-06-21 12:00:00+00:00,64176,64235.13,63952,64200,359.32606,2026-06-21 12:59:59.999000+00:00,23020290.63,83105,186.63152,11956731.65,0
2026-06-21 13:00:00+00:00,64200,64200,64020.01,64146,161.65202,2026-06-21 13:59:59.999000+00:00,10364927.24,53393,83.22186,5336766.398,0
2026-06-21 14:00:00+00:00,64146,64154,64004,64145.97,189.32902,2026-06-21 14:59:59.999000+00:00,12129348.34,54464,81.81992,5242252.638,0
2026-06-21 15:00:00+00:00,64145.97,64355.88,64120,64224,390.79222,2026-06-21 15:59:59.999000+00:00,25113334.39,70360,223.48845,14361402.35,0
2026-06-21 16:00:00+00:00,64224,64254.38,64046,64145.31,236.79134,2026-06-21 16:59:59.999000+00:00,15191891.15,74742,111.33051,7142286.368,0
2026-06-21 17:00:00+00:00,64145.32,64221.44,64080,64151.46,205.04149,2026-06-21 17:59:59.999000+00:00,13154792.19,44315,102.8834,6599857.433,0
2026-06-21 18:00:00+00:00,64151.47,64240,63933.47,64213.81,270.92869,2026-06-21 18:59:59.999000+00:00,17371302.89,83745,151.49493,9715930.937,0
2026-06-21 19:00:00+00:00,64213.82,64298.84,64168.73,64207.12,189.28721,2026-06-21 19:59:59.999000+00:00,12155827.21,47493,99.034,6359693.009,0
2026-06-21 20:00:00+00:00,64207.13,64271.21,63700,63848,420.72845,2026-06-21 20:59:59.999000+00:00,26883641.1,86417,153.09069,9783809.552,0
2026-06-21 21:00:00+00:00,63848,63969.59,63510,63808.01,752.88497,2026-06-21 21:59:59.999000+00:00,47984945.36,157591,357.87894,22812015.21,0
2026-06-21 22:00:00+00:00,63808,63864,63575.04,63801.59,437.50041,2026-06-21 22:59:59.999000+00:00,27867595.42,144112,204.15164,13003529.93,0
2026-06-21 23:00:00+00:00,63801.6,63801.6,63270,63311.99,604.75792,2026-06-21 23:59:59.999000+00:00,38398349.98,189529,258.32015,16396103.31,0
2026-06-22 00:00:00+00:00,63312,64094,63312,63896.01,709.82748,2026-06-22 00:59:59.999000+00:00,45235372.7,193115,458.9052,29244707.66,0
2026-06-22 01:00:00+00:00,63896,64823.52,63850.8,64606,1331.90666,2026-06-22 01:59:59.999000+00:00,85861106.49,281614,759.23218,48941027.67,0
2026-06-22 02:00:00+00:00,64606,64663.99,64250,64257.99,370.38632,2026-06-22 02:59:59.999000+00:00,23886311.47,118103,138.5947,8940186.372,0
2026-06-22 03:00:00+00:00,64258,64459.44,63894.98,63974.01,796.48727,2026-06-22 03:59:59.999000+00:00,51102437.17,177126,346.48362,22241729.42,0
2026-06-22 04:00:00+00:00,63974.01,64116.44,63868.41,64100.02,327.45142,2026-06-22 04:59:59.999000+00:00,20950323.11,108093,151.85693,9717009.494,0
2026-06-22 05:00:00+00:00,64100.01,64344.17,64088.64,64247.74,1091.63692,2026-06-22 05:59:59.999000+00:00,70134349.38,90148,624.88716,40140915.79,0
2026-06-22 06:00:00+00:00,64247.74,64326,63946,63989.95,416.9007,2026-06-22 06:59:59.999000+00:00,26715790.22,83718,168.71524,10813070.6,0
2026-06-22 07:00:00+00:00,63989.96,64397.57,63968.23,64211.19,352.4108,2026-06-22 07:59:59.999000+00:00,22634570.1,102279,180.83173,11614438.25,0
2026-06-22 08:00:00+00:00,64211.2,64350.58,64044,64165.99,368.11506,2026-06-22 08:59:59.999000+00:00,23635362.32,98857,167.6319,10763786.36,0
2026-06-22 09:00:00+00:00,64166,64256.2,64052.17,64145.39,200.06309,2026-06-22 09:59:59.999000+00:00,12832924.24,81031,105.20417,6748140.335,0
2026-06-22 10:00:00+00:00,64145.4,64272,64065.18,64139.21,240.0862,2026-06-22 10:59:59.999000+00:00,15405322.41,68334,118.75899,7620846.713,0
2026-06-22 11:00:00+00:00,64139.21,64768.46,64097.08,64657.22,1063.60877,2026-06-22 11:59:59.999000+00:00,68587022.5,197181,599.1666,38637128.87,0
2026-06-22 12:00:00+00:00,64657.22,65222.45,64579.08,65149.57,1156.05989,2026-06-22 12:59:59.999000+00:00,75065076.64,216079,652.52071,42369987.74,0
2026-06-22 13:00:00+00:00,65149.58,65589.76,64945.53,65578,1368.64481,2026-06-22 13:59:59.999000+00:00,89332310.34,291784,756.43973,49377344.15,0
2026-06-22 14:00:00+00:00,65577.99,65622.83,64835,64980.39,1096.28772,2026-06-22 14:59:59.999000+00:00,71390228.49,264085,530.10706,34522172.12,0
2026-06-22 15:00:00+00:00,64980.39,65146,64757.11,64836.95,593.12998,2026-06-22 15:59:59.999000+00:00,38550944.19,171125,292.31369,19001912.91,0
2026-06-22 16:00:00+00:00,64836.95,64862,64519,64719.77,680.43904,2026-06-22 16:59:59.999000+00:00,44014493.65,172437,293.68195,18999411.76,0
2026-06-22 17:00:00+00:00,64719.77,64769.98,64388.16,64602,523.74444,2026-06-22 17:59:59.999000+00:00,33804825.46,128027,190.52768,12299599.04,0
2026-06-22 18:00:00+00:00,64602,64730.15,64311,64334.01,548.78709,2026-06-22 18:59:59.999000+00:00,35423274.21,119770,168.48441,10879859.47,0
2026-06-22 19:00:00+00:00,64334.01,64499.28,64276,64472,579.92511,2026-06-22 19:59:59.999000+00:00,37335087.8,132093,201.84954,12996108.61,0
2026-06-22 20:00:00+00:00,64472.51,64659.43,64356.95,64433.8,399.51938,2026-06-22 20:59:59.999000+00:00,25773074.62,76929,169.33483,10924722.1,0
2026-06-22 21:00:00+00:00,64433.8,64480,64134.39,64320.57,263.4342,2026-06-22 21:59:59.999000+00:00,16935381.8,74523,108.37076,6967646.868,0
2026-06-22 22:00:00+00:00,64320.57,64396.45,63804.59,63971.12,510.07647,2026-06-22 22:59:59.999000+00:00,32658462.77,172831,252.99529,16198046.06,0
2026-06-22 23:00:00+00:00,63971.13,64053.33,63877.61,64020.01,434.17969,2026-06-22 23:59:59.999000+00:00,27770505.08,102055,240.63878,15394896.37,0
2026-06-23 00:00:00+00:00,64020.01,64162.02,63828.93,64154.99,679.20038,2026-06-23 00:59:59.999000+00:00,43474284.57,118491,431.17171,27600283.49,0
2026-06-23 01:00:00+00:00,64154.99,64273.09,63893.33,64156,540.18098,2026-06-23 01:59:59.999000+00:00,34648395.56,124343,256.11001,16428913.59,0
2026-06-23 02:00:00+00:00,64156,64275.38,64042.01,64204.01,319.7542,2026-06-23 02:59:59.999000+00:00,20526056.61,87249,168.41038,10811988.7,0
2026-06-23 03:00:00+00:00,64204.01,64204.01,63968.42,64065.35,236.76285,2026-06-23 03:59:59.999000+00:00,15161726.51,81917,108.21329,6928484.771,0
2026-06-23 04:00:00+00:00,64065.34,64095.55,63612.62,63623.02,408.1299,2026-06-23 04:59:59.999000+00:00,26064118.48,96720,135.37325,8644640.159,0
2026-06-23 05:00:00+00:00,63623.03,63728,63342.34,63400,850.99416,2026-06-23 05:59:59.999000+00:00,54017478.43,149121,257.70609,16364150.4,0
2026-06-23 06:00:00+00:00,63400,63400,62568.9,62936.01,1620.65692,2026-06-23 06:59:59.999000+00:00,101990732.5,256650,707.73887,44524213.64,0
2026-06-23 07:00:00+00:00,62936.01,63095,62872,62886.03,1074.96381,2026-06-23 07:59:59.999000+00:00,67697249.47,151861,555.93503,35010834.38,0
2026-06-23 08:00:00+00:00,62886.04,62945.08,61938,62385.99,4988.90507,2026-06-23 08:59:59.999000+00:00,311004983.9,339405,1748.29413,108957632.6,0
2026-06-23 09:00:00+00:00,62386,62528.13,62350.44,62386,613.23414,2026-06-23 09:59:59.999000+00:00,38292861.83,108836,276.77945,17281906.28,0
2026-06-23 10:00:00+00:00,62386,62586,62247.2,62328.01,387.47153,2026-06-23 10:59:59.999000+00:00,24169554.74,102104,206.78886,12897738.82,0
2026-06-23 11:00:00+00:00,62328.01,62643.99,62328,62507.06,456.80185,2026-06-23 11:59:59.999000+00:00,28550962.1,113839,210.46386,13152154.54,0
2026-06-23 12:00:00+00:00,62507.05,62558,62189.42,62256.6,873.94501,2026-06-23 12:59:59.999000+00:00,54508795.41,154190,289.51607,18055454.04,0
2026-06-23 13:00:00+00:00,62256.61,62538.72,61960,62475.99,1294.09387,2026-06-23 13:59:59.999000+00:00,80567387,315624,643.48561,40076145.52,0
2026-06-23 14:00:00+00:00,62476,62855.98,62406.25,62493.63,1302.27666,2026-06-23 14:59:59.999000+00:00,81529043.43,289302,620.23142,38833934.76,0
2026-06-23 15:00:00+00:00,62493.63,62507.99,62198,62487.79,630.16435,2026-06-23 15:59:59.999000+00:00,39285509.83,187282,341.0667,21258993.41,0
2026-06-23 16:00:00+00:00,62487.79,62846,62428.01,62558,728.22737,2026-06-23 16:59:59.999000+00:00,45625781.92,177635,435.16598,27270407.56,0
2026-06-23 17:00:00+00:00,62558,62693.48,62327.95,62358.02,533.28034,2026-06-23 17:59:59.999000+00:00,33336320.3,140095,284.55243,17790783.14,0
2026-06-23 18:00:00+00:00,62358.03,62445.21,62104.7,62241.99,492.79838,2026-06-23 18:59:59.999000+00:00,30696538.56,123415,243.33767,15159624.63,0
2026-06-23 19:00:00+00:00,62242,62480,62230,62388.49,707.45732,2026-06-23 19:59:59.999000+00:00,44110196.62,138899,251.77964,15699421.31,0
2026-06-23 20:00:00+00:00,62388.49,62531.27,62380.25,62470.7,373.02429,2026-06-23 20:59:59.999000+00:00,23301565.39,86863,248.55508,15526171.84,0
2026-06-23 21:00:00+00:00,62470.7,62658.93,62470.7,62599.77,367.76027,2026-06-23 21:59:59.999000+00:00,23008841.57,83258,239.90823,15009086.07,0
2026-06-23 22:00:00+00:00,62599.77,62779.82,62526,62590,430.92568,2026-06-23 22:59:59.999000+00:00,26991513.55,107234,265.69318,16641983.87,0
2026-06-23 23:00:00+00:00,62590,62799.99,62480.39,62734.57,311.98359,2026-06-23 23:59:59.999000+00:00,19533322.87,91857,186.99046,11708681.2,0
2026-06-24 00:00:00+00:00,62734.57,63024.4,62733.29,63014,799.18478,2026-06-24 00:59:59.999000+00:00,50257377.11,126385,421.15799,26484334.69,0
2026-06-24 01:00:00+00:00,63014,63119.45,62772.15,62932.19,599.06927,2026-06-24 01:59:59.999000+00:00,37717343.26,136982,327.55016,20625556.18,0
2026-06-24 02:00:00+00:00,62932.19,63013.12,62606.09,62630,593.50541,2026-06-24 02:59:59.999000+00:00,37243072.44,124507,283.81592,17806767.32,0
2026-06-24 03:00:00+00:00,62630.01,62830,62461.87,62729.78,770.64134,2026-06-24 03:59:59.999000+00:00,48285451.81,136887,352.43356,22082866.97,0
2026-06-24 04:00:00+00:00,62729.78,62799.62,62525.49,62744.42,650.06924,2026-06-24 04:59:59.999000+00:00,40743892.48,100974,268.48756,16827856.97,0
2026-06-24 05:00:00+00:00,62744.41,63073.44,62706,62890,366.0273,2026-06-24 05:59:59.999000+00:00,23016675.46,80735,213.42012,13419246.26,0
2026-06-24 06:00:00+00:00,62889.99,62909.98,62728.73,62780,219.5109,2026-06-24 06:59:59.999000+00:00,13789231.81,61306,97.74234,6139909.374,0
2026-06-24 07:00:00+00:00,62780.01,62844,62610.11,62657.99,589.75592,2026-06-24 07:59:59.999000+00:00,36988954.42,100614,289.45986,18152378.68,0
2026-06-24 08:00:00+00:00,62658,62807.46,62605.28,62800,475.30761,2026-06-24 08:59:59.999000+00:00,29798205.1,78571,287.05733,17996090.5,0
2026-06-24 09:00:00+00:00,62800,62800.01,62637.08,62681.7,493.71643,2026-06-24 09:59:59.999000+00:00,30970089.84,98629,167.08346,10478419.03,0
2026-06-24 10:00:00+00:00,62681.7,62681.7,62412.05,62445.99,530.71886,2026-06-24 10:59:59.999000+00:00,33202742.42,107683,312.44922,19549597.46,0
2026-06-24 11:00:00+00:00,62445.99,63239.06,62318.88,62921.19,815.18681,2026-06-24 11:59:59.999000+00:00,51105232.42,185767,510.66412,32021019.25,0
2026-06-24 12:00:00+00:00,62921.19,62973.2,62585.2,62618.31,517.25346,2026-06-24 12:59:59.999000+00:00,32462007.75,138429,267.56981,16791790.69,0
2026-06-24 13:00:00+00:00,62618.31,62628.75,61255.74,61338.01,2775.24015,2026-06-24 13:59:59.999000+00:00,171460989.1,555656,1139.53839,70383359.94,0
2026-06-24 14:00:00+00:00,61338,61456,60888,61113.1,2839.40106,2026-06-24 14:59:59.999000+00:00,173673002,428336,1297.63861,79378015.03,0
2026-06-24 15:00:00+00:00,61113.1,61150.13,60249.82,60250,3237.99155,2026-06-24 15:59:59.999000+00:00,196096750.9,385003,1538.79403,93131623.96,0
2026-06-24 16:00:00+00:00,60250,60678.1,59622,59850,4274.39737,2026-06-24 16:59:59.999000+00:00,256961396.5,480937,1880.65761,113124198.3,0
2026-06-24 17:00:00+00:00,59850,60057.18,59102.7,59404,3790.1806,2026-06-24 17:59:59.999000+00:00,225687231.8,583539,1616.8355,96314396.41,0
2026-06-24 18:00:00+00:00,59404,59930,59310.85,59599.99,1583.51728,2026-06-24 18:59:59.999000+00:00,94396964.98,393229,835.69309,49820379.91,0
2026-06-24 19:00:00+00:00,59600,60000,59530,59958.3,1195.52715,2026-06-24 19:59:59.999000+00:00,71419019.67,259015,541.44432,32350288.59,0
2026-06-24 20:00:00+00:00,59958.3,61208.48,59854,60956,1821.39287,2026-06-24 20:59:59.999000+00:00,110554024.5,393703,981.85844,59554293.55,0
2026-06-24 21:00:00+00:00,60956,61144.63,60665.75,61110,801.00882,2026-06-24 21:59:59.999000+00:00,48752774.92,167542,341.88455,20816959.44,0
2026-06-24 22:00:00+00:00,61109.99,61276,60802.66,60873.99,523.65642,2026-06-24 22:59:59.999000+00:00,31939802.77,134255,256.14668,15627823.07,0
2026-06-24 23:00:00+00:00,60874,61112,60830.01,61077.99,416.02483,2026-06-24 23:59:59.999000+00:00,25363580.74,108847,222.07173,13536918.97,0
2026-06-25 00:00:00+00:00,61078,61163.16,60726.77,60832,766.62145,2026-06-25 00:59:59.999000+00:00,46691482.85,159399,386.45642,23534668.25,0
2026-06-25 01:00:00+00:00,60832,60988,60720.23,60928,615.84376,2026-06-25 01:59:59.999000+00:00,37488948.11,123199,383.13373,23322846.34,0
2026-06-25 02:00:00+00:00,60928,60966,60700.01,60799.08,580.03112,2026-06-25 02:59:59.999000+00:00,35286732.78,107838,304.86891,18552952.5,0
2026-06-25 03:00:00+00:00,60799.08,60910.63,60684.94,60883.65,479.47033,2026-06-25 03:59:59.999000+00:00,29149873.97,97929,212.43252,12914978.05,0
2026-06-25 04:00:00+00:00,60883.66,61410,60792,61357.63,536.03927,2026-06-25 04:59:59.999000+00:00,32726085.53,112120,337.81661,20628193.37,0
2026-06-25 05:00:00+00:00,61357.63,61807.04,61280,61600.01,1223.4059,2026-06-25 05:59:59.999000+00:00,75352163.74,211271,716.18376,44110890.82,0
2026-06-25 06:00:00+00:00,61600.02,61869.02,61600.01,61732.06,539.2877,2026-06-25 06:59:59.999000+00:00,33287442.67,123079,278.67206,17201841.85,0
2026-06-25 07:00:00+00:00,61732.06,61962.4,61670,61911.04,937.71339,2026-06-25 07:59:59.999000+00:00,57971056.71,139142,459.9051,28434566.24,0
2026-06-25 08:00:00+00:00,61911.03,61920,61684.87,61712.35,337.43778,2026-06-25 08:59:59.999000+00:00,20843781.78,69156,171.53089,10594962.25,0
2026-06-25 09:00:00+00:00,61712.36,61792,61614.32,61739.29,327.48572,2026-06-25 09:59:59.999000+00:00,20215187,85587,169.77317,10479556.26,0
2026-06-25 10:00:00+00:00,61739.29,61751.07,61257.79,61269.94,686.26895,2026-06-25 10:59:59.999000+00:00,42197734.77,100210,275.20478,16926978.34,0
2026-06-25 11:00:00+00:00,61269.95,61422.52,61066,61282.01,605.95603,2026-06-25 11:59:59.999000+00:00,37119324.38,142115,310.83945,19041179.15,0
2026-06-25 12:00:00+00:00,61282,61761.35,61080,61244.01,1124.99959,2026-06-25 12:59:59.999000+00:00,69045797.52,203749,546.91155,33562751.32,0
2026-06-25 13:00:00+00:00,61244.01,61369.18,58115.01,58290.17,6396.00513,2026-06-25 13:59:59.999000+00:00,380024167.9,711570,2298.25949,136663528.6,0
2026-06-25 14:00:00+00:00,58291.7,60485.51,58291.7,59471.5,6002.27451,2026-06-25 14:59:59.999000+00:00,356352667.7,918698,2965.10827,176066515.7,0
2026-06-25 15:00:00+00:00,59471.49,59655.86,58874.85,59557.99,2456.01373,2026-06-25 15:59:59.999000+00:00,145520577.6,571282,1319.44978,78192715.59,0
2026-06-25 16:00:00+00:00,59557.99,60067,59157.63,59312.64,1765.10919,2026-06-25 16:59:59.999000+00:00,105192081.4,402710,870.79628,51916404.23,0
2026-06-25 17:00:00+00:00,59312.64,59740.9,59139.96,59676.01,1062.87634,2026-06-25 17:59:59.999000+00:00,63220574.21,306502,503.00637,29919020.24,0
2026-06-25 18:00:00+00:00,59676,59793.34,59364,59512.71,978.75101,2026-06-25 18:59:59.999000+00:00,58292434.47,271117,458.08442,27284351.29,0
2026-06-25 19:00:00+00:00,59512.71,59516,59168.82,59320,917.28893,2026-06-25 19:59:59.999000+00:00,54413311.67,220627,362.89374,21526139.97,0
2026-06-25 20:00:00+00:00,59319.99,59741.95,59319.99,59456.62,539.40098,2026-06-25 20:59:59.999000+00:00,32127053.6,174692,283.16712,16863507.51,0
2026-06-25 21:00:00+00:00,59456.62,60273.81,59452.01,60211.87,617.22274,2026-06-25 21:59:59.999000+00:00,36938367.21,158340,362.05614,21666377.1,0
2026-06-25 22:00:00+00:00,60211.86,60211.86,59740,59851.27,431.60976,2026-06-25 22:59:59.999000+00:00,25857609.02,145058,196.11012,11748656.72,0
2026-06-25 23:00:00+00:00,59851.27,60191.55,59739.99,59794,458.89363,2026-06-25 23:59:59.999000+00:00,27539643.48,127885,233.49284,14016416.13,0
2026-06-26 00:00:00+00:00,59794.64,59906.71,59642.77,59667.09,875.61527,2026-06-26 00:59:59.999000+00:00,52339859.67,162674,402.27417,24045628.91,0
2026-06-26 01:00:00+00:00,59667.09,59789.07,59228,59431.5,833.71293,2026-06-26 01:59:59.999000+00:00,49561281.28,202581,447.29874,26586696.6,0
2026-06-26 02:00:00+00:00,59431.49,59456,58358.77,58561.99,2633.6835,2026-06-26 02:59:59.999000+00:00,154710940,452610,1122.02177,65899172.15,0
2026-06-26 03:00:00+00:00,58562,60131.37,58337,60036.01,1886.07235,2026-06-26 03:59:59.999000+00:00,111839134.5,405660,1041.04862,61760408.67,0
2026-06-26 04:00:00+00:00,60036,60238.77,59836.17,59920.47,843.9784,2026-06-26 04:59:59.999000+00:00,50615473.78,213990,430.93902,25845360.16,0
2026-06-26 05:00:00+00:00,59920.47,60047.68,59736,59953.3,883.13649,2026-06-26 05:59:59.999000+00:00,52912089.89,188170,523.3905,31360566.29,0
2026-06-26 06:00:00+00:00,59953.3,60459.55,59702,60324,1504.97927,2026-06-26 06:59:59.999000+00:00,90291075.05,234388,838.97148,50329500.28,0
2026-06-26 07:00:00+00:00,60324,60759.99,60283.08,60532,2153.07079,2026-06-26 07:59:59.999000+00:00,130446544.6,229646,1348.28161,81696058.5,0
2026-06-26 08:00:00+00:00,60532,60580,60150.56,60245.67,803.85464,2026-06-26 08:59:59.999000+00:00,48471863.71,177708,399.32213,24075236.5,0
2026-06-26 09:00:00+00:00,60245.9,60259.37,59583.33,59736.01,832.22202,2026-06-26 09:59:59.999000+00:00,49907821.12,193497,392.74698,23553094.87,0
2026-06-26 10:00:00+00:00,59736.01,59858.93,59239.78,59313.26,1050.97441,2026-06-26 10:59:59.999000+00:00,62640915.55,210687,354.72724,21145961.55,0
2026-06-26 11:00:00+00:00,59313.26,59588,59259.78,59413.24,1048.3329,2026-06-26 11:59:59.999000+00:00,62289028.22,225697,322.03281,19141812.74,0
2026-06-26 12:00:00+00:00,59413.24,60007.91,58969.9,59185.02,1710.35381,2026-06-26 12:59:59.999000+00:00,101670395.3,391882,719.69305,42801279.41,0
2026-06-26 13:00:00+00:00,59185.02,60216.14,58500.1,60175.43,2730.33879,2026-06-26 13:59:59.999000+00:00,161544165.5,614901,1286.43381,76192709.6,0
2026-06-26 14:00:00+00:00,60175.42,60294,59390,59590.73,1745.27867,2026-06-26 14:59:59.999000+00:00,104509262.7,495443,937.57446,56172265.02,0
2026-06-26 15:00:00+00:00,59590.73,60500,59584.01,60328.32,1582.87088,2026-06-26 15:59:59.999000+00:00,95236567.32,372943,921.34482,55436539.88,0
2026-06-26 16:00:00+00:00,60328.18,60583,59970,60041.75,1128.46917,2026-06-26 16:59:59.999000+00:00,67961986.73,298153,661.35131,39846323.71,0
2026-06-26 17:00:00+00:00,60041.76,60287.9,59952,60023.97,546.63522,2026-06-26 17:59:59.999000+00:00,32855604.53,201851,315.50374,18964096.25,0
2026-06-26 18:00:00+00:00,60023.96,60158,59556,59668.01,504.21141,2026-06-26 18:59:59.999000+00:00,30176033.72,159873,214.81078,12861504.44,0
2026-06-26 19:00:00+00:00,59668.01,60098,59617.37,59751.97,708.47753,2026-06-26 19:59:59.999000+00:00,42438174.08,194888,408.78042,24484647.08,0
2026-06-26 20:00:00+00:00,59751.96,59994,59571.31,59718,454.05927,2026-06-26 20:59:59.999000+00:00,27129153.69,156305,243.15483,14528392.66,0
2026-06-26 21:00:00+00:00,59717.99,60050,59678,59918.7,287.90036,2026-06-26 21:59:59.999000+00:00,17238848.56,93981,151.39467,9065333.039,0
2026-06-26 22:00:00+00:00,59918.7,60080,59754,60048,335.92054,2026-06-26 22:59:59.999000+00:00,20134254.53,79936,234.62324,14063629.24,0
2026-06-26 23:00:00+00:00,60048,60117.64,59923.27,60097.27,319.40861,2026-06-26 23:59:59.999000+00:00,19181584.24,61670,189.77017,11396743.44,0
2026-06-27 00:00:00+00:00,60097.27,60197,59876.22,60059.07,360.77885,2026-06-27 00:59:59.999000+00:00,21659175.9,73424,218.60438,13122049.01,0
2026-06-27 01:00:00+00:00,60059.09,60068,59936.07,59945.53,245.35114,2026-06-27 01:59:59.999000+00:00,14715923,50580,122.4493,7344564.653,0
2026-06-27 02:00:00+00:00,59945.53,60378.23,59921.68,60290.01,695.38686,2026-06-27 02:59:59.999000+00:00,41891050.36,101215,472.47929,28472726.49,0
2026-06-27 03:00:00+00:00,60290.01,60412,60159.91,60305.73,438.61125,2026-06-27 03:59:59.999000+00:00,26450683.77,81504,278.0817,16770876.23,0
2026-06-27 04:00:00+00:00,60305.73,60482,60217.26,60239.99,303.30454,2026-06-27 04:59:59.999000+00:00,18317679.71,58443,166.47542,10054309.47,0
2026-06-27 05:00:00+00:00,60240,60311,60136,60236.76,444.9193,2026-06-27 05:59:59.999000+00:00,26798807.11,53952,307.88905,18545072.95,0
2026-06-27 06:00:00+00:00,60236.75,60500,60093.33,60370.62,581.81791,2026-06-27 06:59:59.999000+00:00,35069964.09,77151,311.15433,18767952.86,0
2026-06-27 07:00:00+00:00,60370.63,60574,60300,60548.07,825.68653,2026-06-27 07:59:59.999000+00:00,49908215.65,77214,312.69149,18900111.85,0
2026-06-27 08:00:00+00:00,60548.06,60548.74,60371.62,60456,470.55782,2026-06-27 08:59:59.999000+00:00,28451213.51,61408,274.75326,16614595.62,0
2026-06-27 09:00:00+00:00,60456,60511.99,60289.55,60414.62,307.96541,2026-06-27 09:59:59.999000+00:00,18601643.63,58356,117.14622,7076379.666,0
2026-06-27 10:00:00+00:00,60414.62,60487.31,60380,60420.28,137.8511,2026-06-27 10:59:59.999000+00:00,8330482.526,36219,64.41634,3892515.046,0
2026-06-27 11:00:00+00:00,60420.28,60447.8,60198.94,60363.65,275.39332,2026-06-27 11:59:59.999000+00:00,16614326.58,63360,154.9053,9347155.218,0
2026-06-27 12:00:00+00:00,60363.65,60430.01,60257.03,60430,349.0457,2026-06-27 12:59:59.999000+00:00,21062550.11,63530,177.02135,10684179,0
2026-06-27 13:00:00+00:00,60430,60665.74,60394,60588.35,434.13389,2026-06-27 13:59:59.999000+00:00,26261981.14,81761,241.54445,14611822.69,0
2026-06-27 14:00:00+00:00,60588.35,60728,60510,60611.5,306.64293,2026-06-27 14:59:59.999000+00:00,18588946.1,76540,167.77806,10171765.63,0
2026-06-27 15:00:00+00:00,60611.49,60941.17,60570,60840.06,606.25294,2026-06-27 15:59:59.999000+00:00,36861810.81,112401,331.39925,20146936.18,0
2026-06-27 16:00:00+00:00,60840.06,60855.03,60673.64,60807.99,239.6938,2026-06-27 16:59:59.999000+00:00,14567100.88,65163,126.40823,7682534.46,0
2026-06-27 17:00:00+00:00,60808,60818.76,60413.15,60524.88,548.67896,2026-06-27 17:59:59.999000+00:00,33227976.75,106011,256.97477,15560922.74,0
2026-06-27 18:00:00+00:00,60524.89,60576.03,60446.25,60570.86,229.00634,2026-06-27 18:59:59.999000+00:00,13860076.14,60414,133.21352,8062884.143,0
2026-06-27 19:00:00+00:00,60570.86,60605.41,60085.88,60175.95,414.61342,2026-06-27 19:59:59.999000+00:00,25008261.8,100858,166.71484,10056731.63,0
2026-06-27 20:00:00+00:00,60175.95,60306,60173.07,60300,220.12001,2026-06-27 20:59:59.999000+00:00,13266580.84,44005,131.32829,7915021.71,0
2026-06-27 21:00:00+00:00,60300,60482.18,60142,60203.82,280.50282,2026-06-27 21:59:59.999000+00:00,16924688.77,69861,150.30608,9069126.896,0
2026-06-27 22:00:00+00:00,60203.83,60256.56,59855.16,60228.95,377.17485,2026-06-27 22:59:59.999000+00:00,22661172.05,107848,152.06586,9135447.082,0
2026-06-27 23:00:00+00:00,60228.96,60320,59952,60029,493.73947,2026-06-27 23:59:59.999000+00:00,29664951.84,82198,232.12572,13945509.05,0
2026-06-28 00:00:00+00:00,60029.01,60190,60018,60146,462.24707,2026-06-28 00:59:59.999000+00:00,27801502.98,57776,229.80345,13819921.47,0
2026-06-28 01:00:00+00:00,60146,60273.38,59986,60222.22,267.56528,2026-06-28 01:59:59.999000+00:00,16093105.82,57460,121.32732,7298081.776,0
2026-06-28 02:00:00+00:00,60222.21,60339.99,60054,60150.45,403.64282,2026-06-28 02:59:59.999000+00:00,24281562.72,52472,230.8739,13890463.21,0
2026-06-28 03:00:00+00:00,60150.46,60275,60150.45,60197.04,255.71231,2026-06-28 03:59:59.999000+00:00,15398056.35,41734,126.98002,7647488.188,0
2026-06-28 04:00:00+00:00,60197.03,60231.83,60088.04,60133,191.50597,2026-06-28 04:59:59.999000+00:00,11525619.52,38129,104.14566,6268367.473,0
2026-06-28 05:00:00+00:00,60133.01,60140,59753.48,59989.17,345.08439,2026-06-28 05:59:59.999000+00:00,20677361.05,89588,145.15325,8695954.767,0
2026-06-28 06:00:00+00:00,59989.18,60030,59808,60002.82,217.95005,2026-06-28 06:59:59.999000+00:00,13065476.35,54274,102.75802,6160076.986,0
2026-06-28 07:00:00+00:00,60002.82,60259.68,60000,60219.99,361.83587,2026-06-28 07:59:59.999000+00:00,21776544.37,57588,211.36159,12718763.59,0
2026-06-28 08:00:00+00:00,60220,60545.01,60140.14,60370,491.6084,2026-06-28 08:59:59.999000+00:00,29656618.97,89011,302.98732,18277928.03,0
2026-06-28 09:00:00+00:00,60370.01,60462,60250.81,60258.84,222.4062,2026-06-28 09:59:59.999000+00:00,13426178.62,65409,108.9901,6580348.221,0
2026-06-28 10:00:00+00:00,60258.85,60292.48,60068,60166.71,181.18756,2026-06-28 10:59:59.999000+00:00,10901038.34,55672,89.66664,5394761.025,0
2026-06-28 11:00:00+00:00,60166.71,60374.05,60100,60342,225.05378,2026-06-28 11:59:59.999000+00:00,13554368.9,64366,88.20241,5314482.524,0
2026-06-28 12:00:00+00:00,60341.99,60457.02,60190,60293.51,212.9354,2026-06-28 12:59:59.999000+00:00,12840041.91,76679,90.33396,5447155.708,0
2026-06-28 13:00:00+00:00,60293.5,60293.51,59963.86,60071.88,369.88204,2026-06-28 13:59:59.999000+00:00,22230271.84,109537,189.59236,11395519.24,0
2026-06-28 14:00:00+00:00,60071.89,60250,60018,60033,318.13606,2026-06-28 14:59:59.999000+00:00,19127426.38,89124,156.84624,9430122.887,0
2026-06-28 15:00:00+00:00,60033.01,60130,59817.28,59890,467.03244,2026-06-28 15:59:59.999000+00:00,28007924.74,110970,198.38316,11898647.55,0
2026-06-28 16:00:00+00:00,59890.35,59943.9,59582.34,59690.62,567.70369,2026-06-28 16:59:59.999000+00:00,33912883.1,169266,261.76198,15635099.32,0
2026-06-28 17:00:00+00:00,59690.62,59848,59403.77,59586.01,519.06441,2026-06-28 17:59:59.999000+00:00,30937911.34,134230,226.98842,13530554.19,0
2026-06-28 18:00:00+00:00,59586,59700,59502,59614.46,272.01169,2026-06-28 18:59:59.999000+00:00,16214086.11,80769,125.70248,7493709.194,0
2026-06-28 19:00:00+00:00,59614.46,59682,59270.26,59481.79,301.99561,2026-06-28 19:59:59.999000+00:00,17954136.64,111748,143.37444,8526147.537,0
2026-06-28 20:00:00+00:00,59481.78,59765.9,59474.28,59660,227.14803,2026-06-28 20:59:59.999000+00:00,13552512.8,73816,141.35414,8433976.072,0
2026-06-28 21:00:00+00:00,59660,59796.66,59333.33,59445.95,531.65984,2026-06-28 21:59:59.999000+00:00,31663885.96,107732,250.23244,14904477.85,0
2026-06-28 22:00:00+00:00,59445.96,59906,58905,59067.01,983.67622,2026-06-28 22:59:59.999000+00:00,58356158.79,328293,361.58082,21472705.61,0
2026-06-28 23:00:00+00:00,59067,59848,59011.99,59577.01,510.09283,2026-06-28 23:59:59.999000+00:00,30378547.25,183589,282.24576,16807137.94,0
2026-06-29 00:00:00+00:00,59577.01,59700,59000.01,59667.01,549.31747,2026-06-29 00:59:59.999000+00:00,32581991.66,282153,249.60603,14810994.13,0
2026-06-29 01:00:00+00:00,59667,59697,59206,59440.95,647.05387,2026-06-29 01:59:59.999000+00:00,38488733.83,193757,291.54439,17341528.26,0
2026-06-29 02:00:00+00:00,59440.95,59812,58900.01,59757.46,1223.86338,2026-06-29 02:59:59.999000+00:00,72858476.29,235363,679.80321,40475427.49,0
2026-06-29 03:00:00+00:00,59757.47,60233,59757.47,60049.46,780.88525,2026-06-29 03:59:59.999000+00:00,46864820.36,203300,456.06944,27366788.37,0
2026-06-29 04:00:00+00:00,60049.45,60053.99,59746,59830,361.46912,2026-06-29 04:59:59.999000+00:00,21645810.97,119825,168.6754,10100513.75,0
2026-06-29 05:00:00+00:00,59830.01,60102.8,59392.02,60102.8,496.75535,2026-06-29 05:59:59.999000+00:00,29661309.61,186560,245.55898,14666811.81,0
2026-06-29 06:00:00+00:00,60102.8,60346.27,60050.67,60075.49,683.16036,2026-06-29 06:59:59.999000+00:00,41109328.74,157840,330.86466,19909688.69,0
2026-06-29 07:00:00+00:00,60075.5,60186.94,59936,60026,536.94262,2026-06-29 07:59:59.999000+00:00,32249136.34,98981,211.4679,12702495.85,0
2026-06-29 08:00:00+00:00,60026.01,60093.99,59745.46,59840,550.67382,2026-06-29 08:59:59.999000+00:00,32995516.24,147264,263.23571,15771379.36,0
2026-06-29 09:00:00+00:00,59840.01,60104,59778.76,60057,747.08903,2026-06-29 09:59:59.999000+00:00,44798064.81,150655,445.90322,26740507.6,0
2026-06-29 10:00:00+00:00,60057,60311.95,60056.99,60088,441.90219,2026-06-29 10:59:59.999000+00:00,26586910.08,124532,177.48586,10678644.1,0
2026-06-29 11:00:00+00:00,60088,60216,59796,59956.05,515.67042,2026-06-29 11:59:59.999000+00:00,30925308.39,145365,229.72618,13776659.71,0
2026-06-29 12:00:00+00:00,59956.05,60780.57,59595.09,59948.78,2600.10754,2026-06-29 12:59:59.999000+00:00,156762919.1,457311,1438.49747,86764993.13,0
2026-06-29 13:00:00+00:00,59948.79,60340,59319.9,59580,2144.2543,2026-06-29 13:59:59.999000+00:00,128106530,436186,1069.97015,63970238.18,0
2026-06-29 14:00:00+00:00,59580,59699.99,59011,59469.67,1999.07246,2026-06-29 14:59:59.999000+00:00,118593704.9,516828,933.46001,55382025.99,0
2026-06-29 15:00:00+00:00,59469.45,59960,59097.58,59824.01,1368.0568,2026-06-29 15:59:59.999000+00:00,81542856.02,316394,643.9366,38401066.38,0
2026-06-29 16:00:00+00:00,59824.01,60030,59584.48,59892.86,663.03532,2026-06-29 16:59:59.999000+00:00,39649580.31,203889,342.4273,20480631.06,0
2026-06-29 17:00:00+00:00,59892.87,60683.84,59892,60413.99,1795.75633,2026-06-29 17:59:59.999000+00:00,108563615.6,291079,1146.2004,69292332.82,0
2026-06-29 18:00:00+00:00,60413.99,60520,60193.87,60295,525.48841,2026-06-29 18:59:59.999000+00:00,31708316.94,136627,223.6878,13498294.93,0
2026-06-29 19:00:00+00:00,60295,60557.5,60153.35,60433.49,501.01522,2026-06-29 19:59:59.999000+00:00,30248051.17,145050,256.4779,15485229.12,0
2026-06-29 20:00:00+00:00,60433.5,60553.06,60295.32,60296,312.86249,2026-06-29 20:59:59.999000+00:00,18907793.39,106341,167.59365,10129290.38,0
2026-06-29 21:00:00+00:00,60296.01,60585.99,60261.89,60479.72,294.76243,2026-06-29 21:59:59.999000+00:00,17803232.83,80099,145.57774,8793871.058,0
2026-06-29 22:00:00+00:00,60479.71,60516,60350,60352.31,211.76202,2026-06-29 22:59:59.999000+00:00,12796348.94,79380,86.85502,5248814.319,0
2026-06-29 23:00:00+00:00,60352.31,60379.23,60194.01,60260.21,252.18558,2026-06-29 23:59:59.999000+00:00,15199881.34,69557,129.53725,7807022.024,0
2026-06-30 00:00:00+00:00,60260.2,60276.54,59700,59838.01,709.83194,2026-06-30 00:59:59.999000+00:00,42576519.47,166905,281.01678,16856082.29,0
2026-06-30 01:00:00+00:00,59838.01,60048.98,59771,59939.94,341.19535,2026-06-30 01:59:59.999000+00:00,20438655.93,122426,176.13155,10551978.41,0
2026-06-30 02:00:00+00:00,59939.94,60042.54,59755,59948.24,424.27619,2026-06-30 02:59:59.999000+00:00,25431758.84,70631,241.91792,14501062.95,0
2026-06-30 03:00:00+00:00,59948.24,60031.75,59600,59627.48,381.85931,2026-06-30 03:59:59.999000+00:00,22844335.5,97355,161.6412,9671308.777,0
2026-06-30 04:00:00+00:00,59627.47,59700,59433.36,59492.01,774.8482,2026-06-30 04:59:59.999000+00:00,46133824.62,124442,310.18818,18470619.05,0
2026-06-30 05:00:00+00:00,59492.01,59656.89,59360,59652.13,807.92024,2026-06-30 05:59:59.999000+00:00,48075635.22,99061,390.70014,23240094.96,0
2026-06-30 06:00:00+00:00,59652.13,59712.88,59513.72,59592,708.76994,2026-06-30 06:59:59.999000+00:00,42217961.43,97993,292.74179,17438792.39,0
2026-06-30 07:00:00+00:00,59592,59632,59444,59524.01,762.40668,2026-06-30 07:59:59.999000+00:00,45379833.98,112318,299.47654,17824255.23,0
2026-06-30 08:00:00+00:00,59524.01,59551.03,59189,59311.92,879.64073,2026-06-30 08:59:59.999000+00:00,52200288.91,156155,384.68669,22827451.02,0
2026-06-30 09:00:00+00:00,59311.26,59420,59252,59374.96,442.65865,2026-06-30 09:59:59.999000+00:00,26267712.22,88435,176.849,10495504.95,0
2026-06-30 10:00:00+00:00,59374.96,59420,59286.36,59334.01,300.40182,2026-06-30 10:59:59.999000+00:00,17830755.08,77718,127.35046,7559648.828,0
2026-06-30 11:00:00+00:00,59334.01,59413.27,59123.01,59192.7,466.77156,2026-06-30 11:59:59.999000+00:00,27657482.28,119743,226.37116,13414108.69,0
2026-06-30 12:00:00+00:00,59192.71,59192.71,58403.51,58412,2043.39825,2026-06-30 12:59:59.999000+00:00,120207614.4,281566,731.86909,43060286.46,0
2026-06-30 13:00:00+00:00,58411.99,58802.66,58228.33,58737.18,2504.50868,2026-06-30 13:59:59.999000+00:00,146521927.6,405820,1338.68773,78337035.48,0
2026-06-30 14:00:00+00:00,58737.17,59276.6,58433,58482.81,1779.99006,2026-06-30 14:59:59.999000+00:00,104813434.9,393176,919.97037,54191988.36,0
2026-06-30 15:00:00+00:00,58482.81,58796,58201,58381.99,1563.15031,2026-06-30 15:59:59.999000+00:00,91300071.01,330146,722.16848,42182738.75,0
2026-06-30 16:00:00+00:00,58382,58632,58241.79,58497.65,1178.89718,2026-06-30 16:59:59.999000+00:00,68842598.88,205422,503.78164,29422878.06,0
2026-06-30 17:00:00+00:00,58497.65,58618.65,58310.72,58417.99,632.53618,2026-06-30 17:59:59.999000+00:00,36957916.77,164320,246.59975,14409150.25,0
2026-06-30 18:00:00+00:00,58417.99,58699.98,58351.56,58680.87,605.07781,2026-06-30 18:59:59.999000+00:00,35404263.04,158375,266.88819,15619136.32,0
2026-06-30 19:00:00+00:00,58680.86,58839.16,58586.01,58818.05,678.6415,2026-06-30 19:59:59.999000+00:00,39837327.54,160151,329.59967,19349455.69,0
2026-06-30 20:00:00+00:00,58818,58874.99,58648.26,58732.01,428.82351,2026-06-30 20:59:59.999000+00:00,25195928.01,107496,190.70232,11204093.63,0
2026-06-30 21:00:00+00:00,58732,58770,58509.99,58639.99,398.14222,2026-06-30 21:59:59.999000+00:00,23338596.7,106726,190.26444,11152224.77,0
2026-06-30 22:00:00+00:00,58639.99,58806.91,58513.8,58607.99,274.43078,2026-06-30 22:59:59.999000+00:00,16096803.41,82205,135.70062,7960798.382,0
2026-06-30 23:00:00+00:00,58607.99,58664,58555,58624.71,551.65078,2026-06-30 23:59:59.999000+00:00,32339945.77,76224,234.24755,13731001.42,0
2026-07-01 00:00:00+00:00,58624.71,58750.68,58310,58576,670.64661,2026-07-01 00:59:59.999000+00:00,39287687.88,123702,407.14947,23863996.29,0
2026-07-01 01:00:00+00:00,58575.99,59022.81,57800.19,58770.57,2987.12539,2026-07-01 01:59:59.999000+00:00,174051918.7,416892,1170.57071,68353222.22,0
2026-07-01 02:00:00+00:00,58770.58,59171.63,58663.95,59085,692.74758,2026-07-01 02:59:59.999000+00:00,40851992.49,168468,382.5404,22558060.4,0
2026-07-01 03:00:00+00:00,59085,59318,58850,59197.13,715.44075,2026-07-01 03:59:59.999000+00:00,42258226.39,133321,385.35606,22767806.69,0
2026-07-01 04:00:00+00:00,59197.12,59457,59062,59339.99,480.11636,2026-07-01 04:59:59.999000+00:00,28466664.97,117699,196.74879,11664634.99,0
2026-07-01 05:00:00+00:00,59339.99,59376.48,59126.42,59154.33,432.30487,2026-07-01 05:59:59.999000+00:00,25617195.94,87493,138.44589,8202749.819,0
2026-07-01 06:00:00+00:00,59154.33,59156,58534.31,58755.8,794.13401,2026-07-01 06:59:59.999000+00:00,46677427.91,149912,337.31243,19821456.21,0
2026-07-01 07:00:00+00:00,58755.8,58823.9,58600,58768.65,479.85852,2026-07-01 07:59:59.999000+00:00,28170098.93,107430,274.42548,16108896.47,0
2026-07-01 08:00:00+00:00,58768.64,58984,58500,58973.99,381.93254,2026-07-01 08:59:59.999000+00:00,22416335.79,108372,191.72148,11254146.39,0
2026-07-01 09:00:00+00:00,58973.99,59091.99,58825.61,58944.55,417.79405,2026-07-01 09:59:59.999000+00:00,24620304.65,82562,217.29554,12805974.43,0
2026-07-01 10:00:00+00:00,58944.55,58948.47,58624,58659.98,405.70309,2026-07-01 10:59:59.999000+00:00,23830898.49,92010,156.96634,9220153.943,0
2026-07-01 11:00:00+00:00,58659.97,58755.9,58550,58622.03,396.69177,2026-07-01 11:59:59.999000+00:00,23276107.65,107085,194.66824,11424600.06,0
2026-07-01 12:00:00+00:00,58622.02,58676,58326,58538.01,1716.61119,2026-07-01 12:59:59.999000+00:00,100399963.8,181350,695.90633,40692636.57,0
2026-07-01 13:00:00+00:00,58538,59508,58536,59498.03,2321.79547,2026-07-01 13:59:59.999000+00:00,136871115.8,348767,1270.51675,74940612.22,0
2026-07-01 14:00:00+00:00,59498.03,60092,59278,59542,3726.2091,2026-07-01 14:59:59.999000+00:00,222663560.4,406148,2324.06945,138877765.9,0
2026-07-01 15:00:00+00:00,59541.99,60536.55,59520.51,60147.15,2322.06211,2026-07-01 15:59:59.999000+00:00,139735458.4,312603,1414.97758,85142528.77,0
2026-07-01 16:00:00+00:00,60147.15,60267.17,59865.75,59920,862.80045,2026-07-01 16:59:59.999000+00:00,51856461.19,147024,467.62082,28108215.5,0
2026-07-01 17:00:00+00:00,59920,60239.84,59787.35,60190.6,480.08928,2026-07-01 17:59:59.999000+00:00,28839738.19,136501,270.92669,16280373.24,0
2026-07-01 18:00:00+00:00,60190.59,60298,60016.4,60171.16,343.31457,2026-07-01 18:59:59.999000+00:00,20650572,116599,168.78192,10153887.58,0
2026-07-01 19:00:00+00:00,60171.16,60352.93,60000,60028.67,548.14825,2026-07-01 19:59:59.999000+00:00,32978388.85,114860,242.75026,14604670.85,0
2026-07-01 20:00:00+00:00,60029.39,60198,59876,60126,313.10277,2026-07-01 20:59:59.999000+00:00,18788882.13,98507,152.98763,9181562.439,0
2026-07-01 21:00:00+00:00,60126,60846.95,60124.89,60815.99,1153.57611,2026-07-01 21:59:59.999000+00:00,69939796.15,194215,749.63241,45447926.48,0
2026-07-01 22:00:00+00:00,60815.99,61334,60339,60478.01,1877.61599,2026-07-01 22:59:59.999000+00:00,114286616.2,253429,921.23637,56069108.08,0
2026-07-01 23:00:00+00:00,60478,60478,59984.86,60024,573.62579,2026-07-01 23:59:59.999000+00:00,34515893.86,161900,203.50591,12243030.01,0
2026-07-02 00:00:00+00:00,60024,60028,59588,59761.73,857.93081,2026-07-02 00:59:59.999000+00:00,51288627.69,152090,543.4395,32483817.76,0
2026-07-02 01:00:00+00:00,59761.74,60324.99,59715.8,60175.92,634.42084,2026-07-02 01:59:59.999000+00:00,38060659.92,145831,332.59554,19957192.85,0
2026-07-02 02:00:00+00:00,60175.91,60495.24,60015.68,60423.1,520.9397,2026-07-02 02:59:59.999000+00:00,31420354.3,125111,313.07083,18886464.23,0
2026-07-02 03:00:00+00:00,60423.11,61121.78,60300.02,61058,891.65369,2026-07-02 03:59:59.999000+00:00,54130945.79,166708,530.04177,32189194.77,0
2026-07-02 04:00:00+00:00,61057.99,61058,60728,60787.98,793.20588,2026-07-02 04:59:59.999000+00:00,48260105.49,142009,320.60459,19511601.95,0
2026-07-02 05:00:00+00:00,60787.98,60877.69,60488,60504.54,836.16486,2026-07-02 05:59:59.999000+00:00,50795991.31,148561,338.41313,20561128.35,0
2026-07-02 06:00:00+00:00,60504.54,60652.74,60260,60274.01,838.53408,2026-07-02 06:59:59.999000+00:00,50660973.68,129863,386.21294,23337775.92,0
2026-07-02 07:00:00+00:00,60274.01,60315.93,60104,60149.99,593.99067,2026-07-02 07:59:59.999000+00:00,35744880.21,116951,279.96025,16846609.44,0
2026-07-02 08:00:00+00:00,60149.99,60555.06,60132.51,60511.99,573.38622,2026-07-02 08:59:59.999000+00:00,34623724.28,104894,347.13287,20963975.66,0
2026-07-02 09:00:00+00:00,60512,61437.49,60376.13,61184,1895.63178,2026-07-02 09:59:59.999000+00:00,115653248.4,267289,1074.95542,65571580.23,0
2026-07-02 10:00:00+00:00,61184,61350,61051.07,61263.68,711.1086,2026-07-02 10:59:59.999000+00:00,43518175.68,159653,401.9458,24596991.61,0
2026-07-02 11:00:00+00:00,61263.93,61388,61125.58,61358.01,823.29588,2026-07-02 11:59:59.999000+00:00,50464960.08,141156,441.7838,27079967.03,0
2026-07-02 12:00:00+00:00,61358,61614,61147.23,61542.53,1476.64291,2026-07-02 12:59:59.999000+00:00,90672172.66,234644,750.98998,46119064.96,0
2026-07-02 13:00:00+00:00,61542.53,62053,61506,61939.04,2503.04906,2026-07-02 13:59:59.999000+00:00,154778875.8,349562,1534.71657,94909593.99,0
2026-07-02 14:00:00+00:00,61939.04,62200,61394.49,61696.61,1834.43153,2026-07-02 14:59:59.999000+00:00,113356111.5,386499,796.17649,49217700.25,0
2026-07-02 15:00:00+00:00,61696.61,61850.86,61427.39,61612.93,955.089,2026-07-02 15:59:59.999000+00:00,58888998.64,216338,396.65413,24453821.1,0
2026-07-02 16:00:00+00:00,61612.93,61790.13,61108.99,61682.34,1526.68052,2026-07-02 16:59:59.999000+00:00,93836238.83,247965,922.77175,56725111.78,0
2026-07-02 17:00:00+00:00,61682.34,61962.43,61619.69,61667.39,742.84693,2026-07-02 17:59:59.999000+00:00,45881018.56,146063,394.24939,24357266.82,0
2026-07-02 18:00:00+00:00,61667.4,61900.29,61664.39,61761.36,457.24217,2026-07-02 18:59:59.999000+00:00,28258803.75,89396,286.30621,17696335.44,0
2026-07-02 19:00:00+00:00,61761.36,61763.81,61424,61479.6,567.93379,2026-07-02 19:59:59.999000+00:00,34970676.78,132964,285.10815,17556913.33,0
2026-07-02 20:00:00+00:00,61479.59,61596,61342,61584.78,435.70751,2026-07-02 20:59:59.999000+00:00,26769120.82,94517,262.05794,16101526.62,0
2026-07-02 21:00:00+00:00,61584.77,61653.43,61516,61592.26,335.09994,2026-07-02 21:59:59.999000+00:00,20628134.86,55856,142.17913,8751684.783,0
2026-07-02 22:00:00+00:00,61592.26,61596.62,61406.28,61465.26,313.41399,2026-07-02 22:59:59.999000+00:00,19281618.74,47958,156.35054,9619206.564,0
2026-07-02 23:00:00+00:00,61465.26,61606,61350.02,61560,263.74127,2026-07-02 23:59:59.999000+00:00,16212152.05,81218,157.13845,9659916.207,0
2026-07-03 00:00:00+00:00,61560,61578,61248.86,61308.75,803.35853,2026-07-03 00:59:59.999000+00:00,49316701.31,129250,339.46261,20839160.57,0
2026-07-03 01:00:00+00:00,61308.75,61733.11,61286,61588,365.29608,2026-07-03 01:59:59.999000+00:00,22497995.35,145682,221.11447,13617661.66,0
2026-07-03 02:00:00+00:00,61588,61664.62,61294,61440.01,718.15053,2026-07-03 02:59:59.999000+00:00,44118830.42,118531,304.77972,18723377.41,0
2026-07-03 03:00:00+00:00,61440.01,61575.15,61324,61434,592.37701,2026-07-03 03:59:59.999000+00:00,36377767.44,88348,278.21935,17085916.32,0
2026-07-03 04:00:00+00:00,61434,61524.01,61332.76,61448,597.68744,2026-07-03 04:59:59.999000+00:00,36734041.98,80555,254.17872,15621835.75,0
2026-07-03 05:00:00+00:00,61448,61808,61430,61700.49,669.42027,2026-07-03 05:59:59.999000+00:00,41260901.75,110591,323.36049,19927842.46,0
2026-07-03 06:00:00+00:00,61700.49,61850,61612,61710.01,821.5655,2026-07-03 06:59:59.999000+00:00,50713075.52,81062,419.79449,25914007.22,0
2026-07-03 07:00:00+00:00,61710.01,61864.99,61659.32,61750.47,1075.23435,2026-07-03 07:59:59.999000+00:00,66424208,93779,485.86314,30013810.43,0
2026-07-03 08:00:00+00:00,61750.47,61896.99,61554.07,61584,341.60269,2026-07-03 08:59:59.999000+00:00,21097152.89,107377,174.20696,10759913.49,0
2026-07-03 09:00:00+00:00,61583.99,61783.89,61510.01,61718.68,336.50784,2026-07-03 09:59:59.999000+00:00,20749591.28,97250,196.04573,12089539.79,0
2026-07-03 10:00:00+00:00,61718.69,62038,61663.98,61916.46,481.39402,2026-07-03 10:59:59.999000+00:00,29786115.46,115268,301.62442,18666426.92,0
2026-07-03 11:00:00+00:00,61916.46,62103.1,61840,62024.02,549.87382,2026-07-03 11:59:59.999000+00:00,34080210.16,112015,239.63463,14857381.55,0
2026-07-03 12:00:00+00:00,62024.01,62174.47,61871.66,61983.99,627.72129,2026-07-03 12:59:59.999000+00:00,38933130.87,122392,341.8704,21205749.5,0
2026-07-03 13:00:00+00:00,61984,62282,61944,62116.01,790.28341,2026-07-03 13:59:59.999000+00:00,49076835.46,117484,517.2065,32120617.81,0
2026-07-03 14:00:00+00:00,62116,62280,61700,62167.48,768.79968,2026-07-03 14:59:59.999000+00:00,47620712,161693,432.755,26804801.71,0
2026-07-03 15:00:00+00:00,62167.47,62400,61820,61922.72,627.67216,2026-07-03 15:59:59.999000+00:00,38969475.88,146274,284.80909,17688600.9,0
2026-07-03 16:00:00+00:00,61922.71,62125.99,61911.65,62104.81,308.0973,2026-07-03 16:59:59.999000+00:00,19113086.41,79789,136.82648,8488337.356,0
2026-07-03 17:00:00+00:00,62104.81,62292.51,62068.78,62194,345.47791,2026-07-03 17:59:59.999000+00:00,21488560.65,81355,192.99178,12005096.55,0
2026-07-03 18:00:00+00:00,62193.99,62250,62118,62204.01,298.61687,2026-07-03 18:59:59.999000+00:00,18571648.34,58544,194.28909,12083437.94,0
2026-07-03 19:00:00+00:00,62204,62317.64,62146,62210,345.20311,2026-07-03 19:59:59.999000+00:00,21483896.65,79378,214.39459,13343891.09,0
2026-07-03 20:00:00+00:00,62210,62907.77,62186.01,62776.92,1103.81636,2026-07-03 20:59:59.999000+00:00,69151681.11,181340,668.90196,41902256.53,0
2026-07-03 21:00:00+00:00,62776.91,62979.86,62518.72,62732,530.36622,2026-07-03 21:59:59.999000+00:00,33268537.05,140803,259.22648,16262807.72,0
2026-07-03 22:00:00+00:00,62732,62748.01,62538.47,62578,461.77097,2026-07-03 22:59:59.999000+00:00,28925294.17,62543,211.22225,13229000.05,0
2026-07-03 23:00:00+00:00,62578,62707.67,62529.03,62583.26,488.69291,2026-07-03 23:59:59.999000+00:00,30600481.45,60228,257.20848,16105121.37,0
2026-07-04 00:00:00+00:00,62583.26,62946,62578.55,62756.29,451.82518,2026-07-04 00:59:59.999000+00:00,28366421.01,95767,237.09896,14883889.58,0
2026-07-04 01:00:00+00:00,62756.29,62756.29,62404.25,62468.44,740.55394,2026-07-04 01:59:59.999000+00:00,46319276.58,114503,213.98914,13377022.71,0
2026-07-04 02:00:00+00:00,62468.44,62576,62432,62538.96,288.40853,2026-07-04 02:59:59.999000+00:00,18023799.7,60090,143.72755,8982119.25,0
2026-07-04 03:00:00+00:00,62538.96,62750,62484.01,62627.29,272.8732,2026-07-04 03:59:59.999000+00:00,17089272.56,63449,152.12141,9527735.768,0
2026-07-04 04:00:00+00:00,62627.28,62749.97,62590.06,62700,372.06056,2026-07-04 04:59:59.999000+00:00,23319559.82,57521,205.2843,12866577.97,0
2026-07-04 05:00:00+00:00,62700,62700.01,62441.29,62471.52,289.90978,2026-07-04 05:59:59.999000+00:00,18129281.37,47697,116.9926,7314798.846,0
2026-07-04 06:00:00+00:00,62471.53,62559.43,62328.24,62500.01,328.21302,2026-07-04 06:59:59.999000+00:00,20501213.18,60653,149.04749,9311601.424,0
2026-07-04 07:00:00+00:00,62500.01,62634.24,62470,62576,488.37245,2026-07-04 07:59:59.999000+00:00,30537595.83,52650,281.06015,17573738.63,0
2026-07-04 08:00:00+00:00,62576,62674.47,62516.46,62553.78,325.39629,2026-07-04 08:59:59.999000+00:00,20367591.15,53391,175.75158,11000878.65,0
2026-07-04 09:00:00+00:00,62553.78,62583.99,62415.87,62494,256.44372,2026-07-04 09:59:59.999000+00:00,16023469.36,49756,108.06846,6753715.335,0
2026-07-04 10:00:00+00:00,62494.01,62545.02,62445.38,62513,261.05012,2026-07-04 10:59:59.999000+00:00,16313423.2,36839,161.25519,10077430.59,0
2026-07-04 11:00:00+00:00,62512.99,62563.84,62456.24,62482.01,236.75332,2026-07-04 11:59:59.999000+00:00,14797808.83,30521,101.27808,6330750.605,0
2026-07-04 12:00:00+00:00,62482,62696.78,62482,62664.01,160.12973,2026-07-04 12:59:59.999000+00:00,10022674.11,38790,100.1569,6268828.185,0
2026-07-04 13:00:00+00:00,62664.01,62776.92,62542,62588.84,234.91268,2026-07-04 13:59:59.999000+00:00,14714095.56,59168,116.56931,7302625.001,0
2026-07-04 14:00:00+00:00,62588.84,62738.28,62585.53,62693.99,214.12592,2026-07-04 14:59:59.999000+00:00,13417620.07,61996,88.01842,5515178.016,0
2026-07-04 15:00:00+00:00,62693.99,63075.46,62687.89,62943.29,746.82104,2026-07-04 15:59:59.999000+00:00,46971886.26,143326,445.96457,28053424.03,0
2026-07-04 16:00:00+00:00,62943.29,62968.29,62786,62927.29,446.2616,2026-07-04 16:59:59.999000+00:00,28067612.22,81881,261.77651,16464250.33,0
2026-07-04 17:00:00+00:00,62927.3,63439.62,62803,63280.38,752.34234,2026-07-04 17:59:59.999000+00:00,47516417.76,125224,439.02054,27729067.7,0
2026-07-04 18:00:00+00:00,63280.38,63346,63092.02,63172.78,347.58599,2026-07-04 18:59:59.999000+00:00,21966060.19,79625,216.05525,13655079.96,0
2026-07-04 19:00:00+00:00,63172.79,63461.99,63123.49,63294.72,328.68996,2026-07-04 19:59:59.999000+00:00,20804806.14,77844,125.76706,7961250.417,0
2026-07-04 20:00:00+00:00,63294.72,63392,63155.37,63233.78,287.12408,2026-07-04 20:59:59.999000+00:00,18162405.81,73377,155.93115,9864857.064,0
2026-07-04 21:00:00+00:00,63233.79,63448,63202,63297.84,239.07967,2026-07-04 21:59:59.999000+00:00,15144354.46,57280,80.15776,5078373.934,0
2026-07-04 22:00:00+00:00,63297.83,63310,63160,63184.99,486.87752,2026-07-04 22:59:59.999000+00:00,30773771.93,47140,347.74282,21977627.33,0
2026-07-04 23:00:00+00:00,63185,63241.33,62927.98,63144.01,584.01676,2026-07-04 23:59:59.999000+00:00,36883428.99,74800,330.70077,20886096.29,0
2026-07-05 00:00:00+00:00,63144.01,63144.01,62888.86,62991.29,348.66174,2026-07-05 00:59:59.999000+00:00,21976925.73,77561,151.01609,9517577.864,0
2026-07-05 01:00:00+00:00,62991.3,63043.15,62800,62887.94,447.61772,2026-07-05 01:59:59.999000+00:00,28163113.49,83429,178.23454,11214341.21,0
2026-07-05 02:00:00+00:00,62887.93,62926,62596.08,62693.56,307.64194,2026-07-05 02:59:59.999000+00:00,19294864.73,80379,120.66715,7567679.858,0
2026-07-05 03:00:00+00:00,62693.57,62796.39,62658,62769.04,211.72564,2026-07-05 03:59:59.999000+00:00,13285353.88,50158,115.81808,7267820.688,0
2026-07-05 04:00:00+00:00,62769.03,62952.93,62712,62815.99,288.42759,2026-07-05 04:59:59.999000+00:00,18128010.18,52868,119.37434,7501194.989,0
2026-07-05 05:00:00+00:00,62815.99,62815.99,62659.65,62740.5,312.61219,2026-07-05 05:59:59.999000+00:00,19616729,56051,142.96568,8970984.269,0
2026-07-05 06:00:00+00:00,62740.5,62819.91,62669.99,62782.18,269.63913,2026-07-05 06:59:59.999000+00:00,16922087,50870,171.5611,10767538.29,0
2026-07-05 07:00:00+00:00,62782.18,63059.99,62718.31,63020.21,393.71695,2026-07-05 07:59:59.999000+00:00,24746997.89,55632,226.97063,14272532.63,0
2026-07-05 08:00:00+00:00,63020.21,63104,62900,62915,337.45972,2026-07-05 08:59:59.999000+00:00,21249003.1,54807,146.2502,9210215.263,0
2026-07-05 09:00:00+00:00,62915,62930.16,62436.59,62622.18,562.27226,2026-07-05 09:59:59.999000+00:00,35258966.87,100726,213.12516,13358942.48,0
2026-07-05 10:00:00+00:00,62622.18,62756.25,62536.57,62756.12,183.32618,2026-07-05 10:59:59.999000+00:00,11492329.06,54074,107.18848,6720136.894,0
2026-07-05 11:00:00+00:00,62756.12,62812,62600.03,62658.92,268.20384,2026-07-05 11:59:59.999000+00:00,16811171.39,43687,105.72244,6626716.721,0
2026-07-05 12:00:00+00:00,62658.92,62772,62569.37,62745.01,294.54856,2026-07-05 12:59:59.999000+00:00,18457864.87,55429,131.06162,8214396.739,0
2026-07-05 13:00:00+00:00,62745,62819.66,62644.12,62792,337.44331,2026-07-05 13:59:59.999000+00:00,21168254.64,53412,199.82464,12534645.18,0
2026-07-05 14:00:00+00:00,62791.99,62818.37,62656.02,62812.25,219.35892,2026-07-05 14:59:59.999000+00:00,13758668.87,51866,106.02419,6649970.429,0
2026-07-05 15:00:00+00:00,62812.25,62943.59,62679.76,62740.01,243.82359,2026-07-05 15:59:59.999000+00:00,15315189.39,79038,105.4364,6624628.857,0
2026-07-05 16:00:00+00:00,62740.01,62772.86,62590.02,62637.48,344.55738,2026-07-05 16:59:59.999000+00:00,21595040.14,56433,150.21959,9416014.733,0
2026-07-05 17:00:00+00:00,62637.48,62820,62594.38,62624.93,275.09476,2026-07-05 17:59:59.999000+00:00,17248470.8,64809,118.13396,7407277.626,0
2026-07-05 18:00:00+00:00,62624.93,62880,62616,62820.33,372.13939,2026-07-05 18:59:59.999000+00:00,23333389.67,57093,254.37631,15947120.72,0
2026-07-05 19:00:00+00:00,62820.33,62888.14,62714.98,62768.88,297.34041,2026-07-05 19:59:59.999000+00:00,18674466.37,61902,118.2031,7424022.514,0
2026-07-05 20:00:00+00:00,62768.87,62836.01,62700,62730.61,164.5638,2026-07-05 20:59:59.999000+00:00,10327453.5,34574,74.3548,4665797.914,0
2026-07-05 21:00:00+00:00,62730.61,63220,62609.47,63092.01,428.51084,2026-07-05 21:59:59.999000+00:00,26972457.06,104447,237.76472,14969601.8,0
2026-07-05 22:00:00+00:00,63092,63964.48,63005.04,63736,1512.51245,2026-07-05 22:59:59.999000+00:00,96176374.13,263867,907.10932,57671488.34,0
2026-07-05 23:00:00+00:00,63735.99,63999,63577.36,63650,750.87927,2026-07-05 23:59:59.999000+00:00,47893262.85,147071,364.53387,23251645.71,0
2026-07-06 00:00:00+00:00,63650.01,63772.52,63350,63761.99,854.38324,2026-07-06 00:59:59.999000+00:00,54298392.31,157672,403.59626,25657262.37,0
2026-07-06 01:00:00+00:00,63761.98,63920,63550,63576,432.9767,2026-07-06 01:59:59.999000+00:00,27598223.85,124057,194.4082,12394701.32,0
2026-07-06 02:00:00+00:00,63576,63669.45,63373.13,63460.01,398.01222,2026-07-06 02:59:59.999000+00:00,25279077.93,119374,174.95179,11111195.16,0
2026-07-06 03:00:00+00:00,63460.01,63495.14,63136.01,63294,420.90012,2026-07-06 03:59:59.999000+00:00,26636164.15,102541,202.33378,12804272.24,0
2026-07-06 04:00:00+00:00,63294,63402.77,63187.98,63267.99,278.63053,2026-07-06 04:59:59.999000+00:00,17637960.89,82218,118.75549,7517534.05,0
2026-07-06 05:00:00+00:00,63267.99,63268,62950,63114,702.75025,2026-07-06 05:59:59.999000+00:00,44357507.86,102902,339.71456,21444130.98,0
2026-07-06 06:00:00+00:00,63113.99,63152.7,62972,62976,622.44998,2026-07-06 06:59:59.999000+00:00,39245525.66,94567,232.88771,14683963.09,0
2026-07-06 07:00:00+00:00,62976,63120,62890,63089.42,529.35201,2026-07-06 07:59:59.999000+00:00,33353699.04,84608,264.52278,16666672.38,0
2026-07-06 08:00:00+00:00,63089.42,63244,62800.13,62904.01,536.0688,2026-07-06 08:59:59.999000+00:00,33774026.19,80027,227.67551,14353368.27,0
2026-07-06 09:00:00+00:00,62904.01,62914,62630.85,62664.77,432.26087,2026-07-06 09:59:59.999000+00:00,27117243.84,85573,195.9391,12292541,0
2026-07-06 10:00:00+00:00,62664.77,63030,62664.76,62822.06,454.82776,2026-07-06 10:59:59.999000+00:00,28586939.95,89363,214.03872,13451418.16,0
2026-07-06 11:00:00+00:00,62822.07,63000,62483.83,62483.84,610.79996,2026-07-06 11:59:59.999000+00:00,38319346.05,91378,245.94488,15442602.01,0
2026-07-06 12:00:00+00:00,62483.84,62487.98,61668.2,61754.01,2426.65551,2026-07-06 12:59:59.999000+00:00,150452546,355184,1142.93496,70877062.56,0
2026-07-06 13:00:00+00:00,61754.01,62034,61306.84,61768.21,3623.91016,2026-07-06 13:59:59.999000+00:00,223385219.8,368635,2596.31246,160062901.2,0
2026-07-06 14:00:00+00:00,61768.2,62411.41,61712.54,62052,1203.78704,2026-07-06 14:59:59.999000+00:00,74643735.03,272566,719.90151,44644358.96,0
2026-07-06 15:00:00+00:00,62052,63550,62052,63545.98,2153.37389,2026-07-06 15:59:59.999000+00:00,135460161.4,376279,1357.96706,85466582.06,0
2026-07-06 16:00:00+00:00,63545.98,63863,63386.01,63732,1748.98599,2026-07-06 16:59:59.999000+00:00,111285382.4,315693,928.19493,59068314.72,0
2026-07-06 17:00:00+00:00,63732,63976.16,63570.16,63587.38,885.44922,2026-07-06 17:59:59.999000+00:00,56485142.93,179894,418.83031,26723924.46,0
2026-07-06 18:00:00+00:00,63587.38,63886,63560,63696.4,345.76423,2026-07-06 18:59:59.999000+00:00,22038021.38,108832,174.42988,11117847.84,0
2026-07-06 19:00:00+00:00,63696.4,63887.93,63652.42,63738.52,308.11427,2026-07-06 19:59:59.999000+00:00,19652927.42,90847,159.29472,10160410.38,0
2026-07-06 20:00:00+00:00,63738.52,63892.65,63589.41,63828,314.93037,2026-07-06 20:59:59.999000+00:00,20074425.07,83236,155.94641,9938218.88,0
2026-07-06 21:00:00+00:00,63828,64700,63810,64489.98,1489.51024,2026-07-06 21:59:59.999000+00:00,95805102.24,238267,814.15756,52337510.64,0
2026-07-06 22:00:00+00:00,64489.97,64500,64151.01,64244,313.47871,2026-07-06 22:59:59.999000+00:00,20153658.13,91166,139.31352,8955932.776,0
2026-07-06 23:00:00+00:00,64244,64340.76,64017.78,64042.02,347.9123,2026-07-06 23:59:59.999000+00:00,22315616.92,83016,134.49982,8627335.403,0
2026-07-07 00:00:00+00:00,64042.93,64314,63997.5,64203.99,545.80462,2026-07-07 00:59:59.999000+00:00,34996753.38,115737,329.29231,21112304.79,0
2026-07-07 01:00:00+00:00,64203.99,64204,63767.04,63840,600.7847,2026-07-07 01:59:59.999000+00:00,38414637.99,134058,220.0309,14069070.35,0
2026-07-07 02:00:00+00:00,63840,63908,63288.01,63322.01,624.33941,2026-07-07 02:59:59.999000+00:00,39705186.54,141244,252.64342,16068849.77,0
2026-07-07 03:00:00+00:00,63322.01,63414,63150,63191.01,378.30046,2026-07-07 03:59:59.999000+00:00,23939589.11,99590,163.72252,10360132.41,0
2026-07-07 04:00:00+00:00,63191.01,63288.33,63064,63100.01,658.55856,2026-07-07 04:59:59.999000+00:00,41622409.3,96752,330.10961,20864436.78,0
2026-07-07 05:00:00+00:00,63100,63278.99,62800,63128.01,725.48406,2026-07-07 05:59:59.999000+00:00,45755634.87,115727,363.57662,22940852.32,0
2026-07-07 06:00:00+00:00,63128,63400,62984.42,63340,869.08707,2026-07-07 06:59:59.999000+00:00,54937579.55,119249,477.85291,30220499.22,0
2026-07-07 07:00:00+00:00,63340.01,63445.7,63072.1,63083.18,615.24857,2026-07-07 07:59:59.999000+00:00,38905685.21,104138,259.23769,16394237.09,0
2026-07-07 08:00:00+00:00,63083.19,63184,62984.58,63104,444.0167,2026-07-07 08:59:59.999000+00:00,28011818.54,88413,233.63356,14740006.87,0
2026-07-07 09:00:00+00:00,63104,63348.73,63063.28,63256,320.22634,2026-07-07 09:59:59.999000+00:00,20244658.22,74591,173.68452,10979937.73,0
2026-07-07 10:00:00+00:00,63256.01,63467.15,63228.17,63284,496.91971,2026-07-07 10:59:59.999000+00:00,31472947.13,87115,277.02108,17544294.61,0
2026-07-07 11:00:00+00:00,63284,63452,63116.02,63406,399.36572,2026-07-07 11:59:59.999000+00:00,25259454.96,101156,224.24393,14183246.98,0
2026-07-07 12:00:00+00:00,63405.99,63872,63396.58,63481.39,618.18499,2026-07-07 12:59:59.999000+00:00,39341419.96,160481,275.25744,17518623.6,0
2026-07-07 13:00:00+00:00,63481.39,63482.5,63000,63056,1055.47861,2026-07-07 13:59:59.999000+00:00,66673047.58,246168,512.44159,32380771.79,0
2026-07-07 14:00:00+00:00,63056,63634,62671.39,63562.05,1684.44273,2026-07-07 14:59:59.999000+00:00,106282009.9,325749,904.00729,57067349.19,0
2026-07-07 15:00:00+00:00,63562.05,64105,63376.22,63930.51,2129.05569,2026-07-07 15:59:59.999000+00:00,135785392.7,271792,1206.28857,76924495.92,0
2026-07-07 16:00:00+00:00,63930.5,64243.75,63810,63983.27,825.1364,2026-07-07 16:59:59.999000+00:00,52804969.36,193162,349.42619,22369052.3,0
2026-07-07 17:00:00+00:00,63983.28,64232,63896.21,64186,713.19138,2026-07-07 17:59:59.999000+00:00,45728526.58,126005,321.13512,20593482.36,0
2026-07-07 18:00:00+00:00,64185.99,64188,63672.01,63679.99,804.35069,2026-07-07 18:59:59.999000+00:00,51468170.99,139111,337.56121,21597387.92,0
2026-07-07 19:00:00+00:00,63679.99,63894.58,63379.69,63817.99,809.87318,2026-07-07 19:59:59.999000+00:00,51531180.66,164437,328.54251,20917158.14,0
2026-07-07 20:00:00+00:00,63818,63901.75,63585,63697.99,461.15497,2026-07-07 20:59:59.999000+00:00,29372758.21,72212,174.25603,11098724.68,0
2026-07-07 21:00:00+00:00,63698,63866,63313.1,63423.94,445.13714,2026-07-07 21:59:59.999000+00:00,28281279.53,127228,171.4503,10894603.55,0
2026-07-07 22:00:00+00:00,63423.93,63660,63218,63551.02,344.82337,2026-07-07 22:59:59.999000+00:00,21880790.53,104401,140.5614,8921086.808,0
2026-07-07 23:00:00+00:00,63551.02,63708,63320,63363.99,265.24316,2026-07-07 23:59:59.999000+00:00,16851786.12,73586,102.22804,6495681.961,0
2026-07-08 00:00:00+00:00,63364,63761.99,63307.36,63612.77,656.59812,2026-07-08 00:59:59.999000+00:00,41748490.71,131666,359.4282,22855521.19,0
2026-07-08 01:00:00+00:00,63612.78,63649.5,62921.78,63038.01,690.76172,2026-07-08 01:59:59.999000+00:00,43679886.71,164873,255.61455,16167510.53,0
2026-07-08 02:00:00+00:00,63038,63066,62525.47,62979.99,1271.45366,2026-07-08 02:59:59.999000+00:00,79919466.14,208952,502.12016,31566980.52,0
2026-07-08 03:00:00+00:00,62979.98,63094,62700.18,62766,326.19539,2026-07-08 03:59:59.999000+00:00,20528552.71,103768,129.20149,8130518.664,0
2026-07-08 04:00:00+00:00,62766,62901.49,62676,62800,435.16461,2026-07-08 04:59:59.999000+00:00,27326800.37,104227,209.08028,13132289.23,0
2026-07-08 05:00:00+00:00,62800.01,62876.95,62558,62637.88,716.63481,2026-07-08 05:59:59.999000+00:00,44957652.33,103048,229.15812,14369134.23,0
2026-07-08 06:00:00+00:00,62637.88,62746,62477.04,62657.81,457.84929,2026-07-08 06:59:59.999000+00:00,28658549.24,118259,184.34641,11541130.97,0
2026-07-08 07:00:00+00:00,62657.82,62894.89,62550,62888.35,483.7238,2026-07-08 07:59:59.999000+00:00,30356058.93,119418,248.85145,15618650.85,0
2026-07-08 08:00:00+00:00,62888.34,62941.46,61855.26,62018.36,1707.6886,2026-07-08 08:59:59.999000+00:00,106338452.5,325520,665.47432,41432156.28,0
2026-07-08 09:00:00+00:00,62018.36,62190.01,61743.83,62057.67,2058.44174,2026-07-08 09:59:59.999000+00:00,127644427.6,196098,922.66211,57190487.64,0
2026-07-08 10:00:00+00:00,62057.68,62199.97,61903.45,62183.12,934.16537,2026-07-08 10:59:59.999000+00:00,58004045.72,123213,456.68285,28356408.06,0
2026-07-08 11:00:00+00:00,62183.11,62392.04,62055.63,62299.99,576.86496,2026-07-08 11:59:59.999000+00:00,35889111.76,132259,276.72913,17218810.96,0
2026-07-08 12:00:00+00:00,62300,62451.08,61953.58,61957.73,877.49143,2026-07-08 12:59:59.999000+00:00,54622922.67,140713,374.97924,23363565.18,0
2026-07-08 13:00:00+00:00,61957.74,62090,61632.23,61945.49,1130.9924,2026-07-08 13:59:59.999000+00:00,69967130.81,274235,516.84443,31979426.87,0
2026-07-08 14:00:00+00:00,61945.49,62173.56,61712,61889.83,1415.74086,2026-07-08 14:59:59.999000+00:00,87735122.72,275071,720.17406,44656332.1,0
2026-07-08 15:00:00+00:00,61889.83,61922,61544.56,61704.01,1055.91275,2026-07-08 15:59:59.999000+00:00,65112537.93,244620,390.43308,24077759.41,0
2026-07-08 16:00:00+00:00,61704.01,62164.6,61692,62113.03,762.49481,2026-07-08 16:59:59.999000+00:00,47214098.77,177409,529.04849,32755821.56,0
2026-07-08 17:00:00+00:00,62113.02,62394.32,62032,62104.62,518.57431,2026-07-08 17:59:59.999000+00:00,32265732.28,140575,273.11423,16991316.6,0
2026-07-08 18:00:00+00:00,62104.62,62351.97,62045.2,62185.32,301.10629,2026-07-08 18:59:59.999000+00:00,18728892.37,113693,152.02599,9455293.5,0
2026-07-08 19:00:00+00:00,62185.33,62292.19,62068,62277.98,295.91802,2026-07-08 19:59:59.999000+00:00,18404224.5,101461,141.342,8790822.258,0
2026-07-08 20:00:00+00:00,62277.98,62306.54,62082.8,62099.61,601.65946,2026-07-08 20:59:59.999000+00:00,37400869.38,72144,245.08482,15232936.53,0
2026-07-08 21:00:00+00:00,62099.62,62251.22,61956,62187.17,844.23046,2026-07-08 21:59:59.999000+00:00,52425580.75,104882,345.75888,21472396.53,0
2026-07-08 22:00:00+00:00,62187.17,62350.63,62178,62330.4,268.9098,2026-07-08 22:59:59.999000+00:00,16743367.63,63672,120.02021,7473651.852,0
2026-07-08 23:00:00+00:00,62330.4,62346.6,62174,62290,231.5253,2026-07-08 23:59:59.999000+00:00,14415196.03,58711,90.39576,5627764.503,0
2026-07-09 00:00:00+00:00,62290.01,62309.88,62058.51,62129.99,419.84137,2026-07-09 00:59:59.999000+00:00,26113492.25,105776,182.44603,11347564.22,0
2026-07-09 01:00:00+00:00,62129.99,62642,61837.1,61916,891.27709,2026-07-09 01:59:59.999000+00:00,55492014.5,187403,367.41118,22906114.29,0
2026-07-09 02:00:00+00:00,61916,62121.21,61705.29,61788.8,588.18699,2026-07-09 02:59:59.999000+00:00,36429619.61,131367,220.19378,13637878.25,0
2026-07-09 03:00:00+00:00,61788.79,62062.99,61730,61974.34,608.39784,2026-07-09 03:59:59.999000+00:00,37651841.78,108372,195.09721,12075410.04,0
2026-07-09 04:00:00+00:00,61974.34,62456.29,61956.46,62453.74,475.51774,2026-07-09 04:59:59.999000+00:00,29599385.65,99669,278.20792,17324133.13,0
2026-07-09 05:00:00+00:00,62453.74,62624.61,62236,62589.61,907.8536,2026-07-09 05:59:59.999000+00:00,56684397.24,106909,374.18701,23366682.31,0
2026-07-09 06:00:00+00:00,62589.61,62980,62485.58,62959.96,790.33126,2026-07-09 06:59:59.999000+00:00,49573190.81,129149,436.61894,27396450.61,0
2026-07-09 07:00:00+00:00,62959.96,63283.26,62788.06,63000,902.61366,2026-07-09 07:59:59.999000+00:00,56847741.65,177583,393.93393,24821729.03,0
2026-07-09 08:00:00+00:00,62999.99,63100.1,62855.63,62903.65,872.78917,2026-07-09 08:59:59.999000+00:00,54983827.07,94365,343.76362,21659887.67,0
2026-07-09 09:00:00+00:00,62903.66,63002,62786.82,62953.4,549.43771,2026-07-09 09:59:59.999000+00:00,34556471.64,103808,223.53494,14059899.09,0
2026-07-09 10:00:00+00:00,62953.4,63056.98,62688,62786.04,490.23056,2026-07-09 10:59:59.999000+00:00,30839184.19,84135,199.92488,12575507.1,0
2026-07-09 11:00:00+00:00,62786.05,62830,62614.66,62786.34,613.79257,2026-07-09 11:59:59.999000+00:00,38515227.89,98536,306.93811,19261679.61,0
2026-07-09 12:00:00+00:00,62786.33,62952,62465.39,62614.02,2694.46367,2026-07-09 12:59:59.999000+00:00,169039612.7,215401,1346.56619,84492967.21,0
2026-07-09 13:00:00+00:00,62614.01,63240.15,62523.08,63028.35,732.96491,2026-07-09 13:59:59.999000+00:00,46077523.33,240554,397.51952,24992862.33,0
2026-07-09 14:00:00+00:00,63028.36,63144.79,62666.66,63016,598.40365,2026-07-09 14:59:59.999000+00:00,37627916.15,225724,282.43727,17761049.93,0
2026-07-09 15:00:00+00:00,63016,63261,62811.1,62868.05,857.13379,2026-07-09 15:59:59.999000+00:00,54053593.19,178177,488.68914,30824162.56,0
2026-07-09 16:00:00+00:00,62868.06,62996,62559.59,62700.01,532.13757,2026-07-09 16:59:59.999000+00:00,33394925.97,139968,268.87549,16870538.42,0
2026-07-09 17:00:00+00:00,62700.01,63165.12,62668,63142.79,730.95491,2026-07-09 17:59:59.999000+00:00,46045228.71,179787,505.19592,31830441.45,0
2026-07-09 18:00:00+00:00,63142.79,63500,63080,63219.03,776.88222,2026-07-09 18:59:59.999000+00:00,49178223.28,162534,461.97269,29242457.48,0
2026-07-09 19:00:00+00:00,63219.03,63375.73,63118.45,63248.1,606.23375,2026-07-09 19:59:59.999000+00:00,38337036.2,121122,225.60118,14270285.98,0
2026-07-09 20:00:00+00:00,63248.09,63330.85,63177.36,63313.38,236.61262,2026-07-09 20:59:59.999000+00:00,14968750.29,66759,89.26074,5647306.517,0
2026-07-09 21:00:00+00:00,63313.38,63397.94,63208.91,63274.59,261.44616,2026-07-09 21:59:59.999000+00:00,16547143.51,62564,95.08018,6017144.484,0
2026-07-09 22:00:00+00:00,63274.6,63418,63218.77,63218.78,274.28375,2026-07-09 22:59:59.999000+00:00,17365507.16,66024,104.61625,6623269.347,0
2026-07-09 23:00:00+00:00,63218.78,63325,63060.91,63230,331.02016,2026-07-09 23:59:59.999000+00:00,20927958.46,90364,134.41145,8497643.908,0
2026-07-10 00:00:00+00:00,63230.01,63255.49,62926.01,63113.93,626.86453,2026-07-10 00:59:59.999000+00:00,39563460.17,131089,220.9783,13947070.84,0
2026-07-10 01:00:00+00:00,63113.92,63999.99,62962,63749.86,1229.10229,2026-07-10 01:59:59.999000+00:00,78230416.15,180781,746.95681,47545231.34,0
2026-07-10 02:00:00+00:00,63749.86,64050.23,63692.76,63961.99,1017.85326,2026-07-10 02:59:59.999000+00:00,65004947.81,121738,458.42777,29281667.17,0
2026-07-10 03:00:00+00:00,63961.99,64050,63822.8,63947.2,410.93478,2026-07-10 03:59:59.999000+00:00,26266938.46,77866,198.47861,12687397.67,0
2026-07-10 04:00:00+00:00,63947.2,64176.86,63857.64,64047.88,567.80609,2026-07-10 04:59:59.999000+00:00,36358775.33,99984,251.36936,16096803.34,0
2026-07-10 05:00:00+00:00,64047.89,64200,63944.05,64115.99,507.936,2026-07-10 05:59:59.999000+00:00,32531176.62,92524,171.87178,11008097.54,0
2026-07-10 06:00:00+00:00,64116,64162,63836,63854.71,352.90834,2026-07-10 06:59:59.999000+00:00,22570220.34,77028,146.66787,9380951.289,0
2026-07-10 07:00:00+00:00,63854.71,64011.9,63802.02,63963,566.0984,2026-07-10 07:59:59.999000+00:00,36195010.64,70325,288.25009,18430577.12,0
2026-07-10 08:00:00+00:00,63963,64392,63962.99,64246.01,945.88564,2026-07-10 08:59:59.999000+00:00,60727846.02,137364,509.10521,32676589.94,0
2026-07-10 09:00:00+00:00,64246,64480.01,64102,64385.09,1051.0085,2026-07-10 09:59:59.999000+00:00,67618421.23,139003,602.73761,38773027.61,0
2026-07-10 10:00:00+00:00,64385.09,64494.84,64274.47,64407.8,400.85807,2026-07-10 10:59:59.999000+00:00,25812200.01,94396,183.75693,11832553.45,0
2026-07-10 11:00:00+00:00,64407.8,64480,64341.83,64425.18,337.28843,2026-07-10 11:59:59.999000+00:00,21727509.24,84020,156.37652,10072882.95,0
2026-07-10 12:00:00+00:00,64425.18,64608,63999,64286.64,1081.95063,2026-07-10 12:59:59.999000+00:00,69732032.24,133126,566.57783,36525287.55,0
2026-07-10 13:00:00+00:00,64286.65,64692.83,64152.84,64484,826.67946,2026-07-10 13:59:59.999000+00:00,53211230.84,193513,451.17935,29033166.85,0
2026-07-10 14:00:00+00:00,64484,64516,63793.43,63914.87,1338.73193,2026-07-10 14:59:59.999000+00:00,85801970.13,334399,665.42987,42652661.18,0
2026-07-10 15:00:00+00:00,63914.88,64210,63898,64040,737.82713,2026-07-10 15:59:59.999000+00:00,47246927.83,206816,363.13266,23253955.11,0
2026-07-10 16:00:00+00:00,64039.99,64220,63826.57,64140.01,671.46586,2026-07-10 16:59:59.999000+00:00,42985947.77,165350,344.23388,22041187.58,0
2026-07-10 17:00:00+00:00,64140,64158.58,63821.88,63823.99,491.57909,2026-07-10 17:59:59.999000+00:00,31431249.23,118118,201.94121,12910591.13,0
2026-07-10 18:00:00+00:00,63824,64003.99,63732.66,63810,566.18067,2026-07-10 18:59:59.999000+00:00,36167696.67,103913,187.41688,11974130.06,0
2026-07-10 19:00:00+00:00,63809.99,64077.56,63780,63917.88,1227.53052,2026-07-10 19:59:59.999000+00:00,78475132.74,92722,727.76707,46530055.46,0
2026-07-10 20:00:00+00:00,63917.88,63946.36,63656,63841.25,1126.81538,2026-07-10 20:59:59.999000+00:00,71915414.69,82125,629.51423,40189599.44,0
2026-07-10 21:00:00+00:00,63841.25,64099.56,63835.05,64011.99,307.30047,2026-07-10 21:59:59.999000+00:00,19663863.13,64337,163.43663,10457469.74,0
2026-07-10 22:00:00+00:00,64012,64169.39,63981.37,64112.29,508.14182,2026-07-10 22:59:59.999000+00:00,32567648.61,59238,247.21233,15841314.19,0
2026-07-10 23:00:00+00:00,64112.3,64222.61,64024,64161.72,690.25393,2026-07-10 23:59:59.999000+00:00,44291925.1,67650,244.6841,15696916.02,0
2026-07-11 00:00:00+00:00,64161.72,64168.49,64028.43,64124,315.78502,2026-07-11 00:59:59.999000+00:00,20248182.41,50918,108.82042,6977286.397,0
2026-07-11 01:00:00+00:00,64123.99,64310,64004.01,64012.95,405.42387,2026-07-11 01:59:59.999000+00:00,26013591,81231,237.69175,15255401.15,0
2026-07-11 02:00:00+00:00,64012.95,64166,63984.07,64158.04,205.49018,2026-07-11 02:59:59.999000+00:00,13168217.54,68844,102.18947,6548658.884,0
2026-07-11 03:00:00+00:00,64158.04,64195.04,64068,64150.42,174.79238,2026-07-11 03:59:59.999000+00:00,11212982.12,50691,71.24697,4570147.024,0
2026-07-11 04:00:00+00:00,64150.42,64213.55,64080.26,64152,223.52551,2026-07-11 04:59:59.999000+00:00,14337399.14,60803,96.25869,6173530.342,0
2026-07-11 05:00:00+00:00,64152,64221.99,64121.07,64176.01,535.97468,2026-07-11 05:59:59.999000+00:00,34398585.91,65164,243.91693,15653767.78,0
2026-07-11 06:00:00+00:00,64176,64278,64124,64219.1,302.84507,2026-07-11 06:59:59.999000+00:00,19447152.85,48576,117.22223,7527447.988,0
2026-07-11 07:00:00+00:00,64219.09,64256.55,64152,64162.18,422.67072,2026-07-11 07:59:59.999000+00:00,27138584.02,42194,187.9701,12067804.56,0
2026-07-11 08:00:00+00:00,64162.18,64300,64153.87,64265.98,169.11443,2026-07-11 08:59:59.999000+00:00,10864078.51,34398,84.03876,5398792.364,0
2026-07-11 09:00:00+00:00,64265.98,64300,64159.7,64167.34,347.53946,2026-07-11 09:59:59.999000+00:00,22316938.22,46546,154.59592,9925071.847,0
2026-07-11 10:00:00+00:00,64167.35,64204.02,64129.99,64196,421.25234,2026-07-11 10:59:59.999000+00:00,27029064.23,35529,231.87972,14877822.13,0
2026-07-11 11:00:00+00:00,64196,64215.32,64167.99,64198,417.44096,2026-07-11 11:59:59.999000+00:00,26795119.7,29455,206.36929,13246415.78,0
2026-07-11 12:00:00+00:00,64197.99,64228,64130.65,64195.49,408.31399,2026-07-11 12:59:59.999000+00:00,26209635.87,35860,185.54079,11909565.98,0
2026-07-11 13:00:00+00:00,64195.48,64266,64159.99,64235.66,352.18455,2026-07-11 13:59:59.999000+00:00,22611731.49,32888,171.08383,10983793.57,0
2026-07-11 14:00:00+00:00,64235.67,64504.11,64235.66,64350.07,551.43161,2026-07-11 14:59:59.999000+00:00,35505725.49,86841,262.84991,16923324.41,0
2026-07-11 15:00:00+00:00,64350.07,64484.01,63896.18,64175.75,1185.62457,2026-07-11 15:59:59.999000+00:00,76105840.37,168174,468.0142,30036992.27,0
2026-07-11 16:00:00+00:00,64175.75,64273.63,64084,64180.01,468.52631,2026-07-11 16:59:59.999000+00:00,30061892.12,98809,196.94723,12636301.11,0
2026-07-11 17:00:00+00:00,64180,64402,64164.08,64315.53,272.95245,2026-07-11 17:59:59.999000+00:00,17550740.49,56212,105.71027,6796924.875,0
2026-07-11 18:00:00+00:00,64315.53,64395.17,64288.91,64327.99,274.24491,2026-07-11 18:59:59.999000+00:00,17642709.35,42496,86.06808,5537095.858,0
2026-07-11 19:00:00+00:00,64327.99,64338,64233.23,64286,202.32307,2026-07-11 19:59:59.999000+00:00,13006549,37989,60.94309,3917608.413,0
2026-07-11 20:00:00+00:00,64286,64463.83,64285.99,64382.45,197.23083,2026-07-11 20:59:59.999000+00:00,12692315.79,31861,99.43301,6398210.735,0
2026-07-11 21:00:00+00:00,64382.44,64427.56,64338.09,64355.99,116.51883,2026-07-11 21:59:59.999000+00:00,7500432.185,30246,45.97006,2958961.713,0
2026-07-11 22:00:00+00:00,64355.99,64424.03,64144.47,64203.08,303.31895,2026-07-11 22:59:59.999000+00:00,19495479.3,60872,111.74963,7184410.501,0
2026-07-11 23:00:00+00:00,64203.09,64246,63819,63819,877.44963,2026-07-11 23:59:59.999000+00:00,56116927.5,109581,271.77527,17370083.15,0
2026-07-12 00:00:00+00:00,63819.01,63909.92,63702.16,63828.47,2302.50352,2026-07-12 00:59:59.999000+00:00,146930312.2,213062,1150.28269,73402643.4,0
2026-07-12 01:00:00+00:00,63828.48,64172.66,63812,64133.61,394.25068,2026-07-12 01:59:59.999000+00:00,25234105.14,90095,209.21597,13391300.01,0
2026-07-12 02:00:00+00:00,64133.61,64133.62,64029.51,64070.39,908.56961,2026-07-12 02:59:59.999000+00:00,58217465.36,70113,498.51461,31940809.42,0
2026-07-12 03:00:00+00:00,64070.4,64223.74,64035.68,64223.73,488.95119,2026-07-12 03:59:59.999000+00:00,31354766.73,58839,297.89307,19100394.3,0
2026-07-12 04:00:00+00:00,64223.73,64245.87,63943.68,63999.93,412.9132,2026-07-12 04:59:59.999000+00:00,26457105.11,55819,144.85248,9279529.225,0
2026-07-12 05:00:00+00:00,63999.94,64024.48,63900,63959.93,291.33944,2026-07-12 05:59:59.999000+00:00,18635608.06,42639,127.44085,8151059.744,0
2026-07-12 06:00:00+00:00,63959.93,63962.85,63640.83,63762.46,526.52081,2026-07-12 06:59:59.999000+00:00,33577807.93,106184,239.78046,15291485.45,0
2026-07-12 07:00:00+00:00,63762.47,63908.39,63740.12,63885.27,506.72582,2026-07-12 07:59:59.999000+00:00,32362656.99,53274,251.52599,16064095.36,0
2026-07-12 08:00:00+00:00,63885.28,64100.32,63884.2,63983.18,1349.77159,2026-07-12 08:59:59.999000+00:00,86388913.1,151844,604.9796,38719961.1,0
2026-07-12 09:00:00+00:00,63983.18,64062.17,63764,63961.61,3089.49803,2026-07-12 09:59:59.999000+00:00,197512142.6,257390,1526.77896,97619007.11,0
2026-07-12 10:00:00+00:00,63961.6,63961.6,63843.4,63865.76,250.37178,2026-07-12 10:59:59.999000+00:00,15993661.92,40102,95.96916,6130356.66,0
2026-07-12 11:00:00+00:00,63865.76,64030,63826.01,64018.01,158.66802,2026-07-12 11:59:59.999000+00:00,10148134.9,51620,94.61127,6050972.542,0
2026-07-12 12:00:00+00:00,64018,64135,63970.55,64026,320.06272,2026-07-12 12:59:59.999000+00:00,20495081.75,50200,113.56582,7273622.85,0
2026-07-12 13:00:00+00:00,64026.01,64097.99,63987.4,64023.14,369.91648,2026-07-12 13:59:59.999000+00:00,23691370.59,43343,237.63301,15219531.98,0
2026-07-12 14:00:00+00:00,64023.13,64290.11,63958.71,64203.08,261.44826,2026-07-12 14:59:59.999000+00:00,16755935.54,62093,158.04998,10128804.05,0
2026-07-12 15:00:00+00:00,64203.08,64262.15,64117.97,64176,230.70025,2026-07-12 15:59:59.999000+00:00,14807356.52,65527,111.22189,7138014.617,0
2026-07-12 16:00:00+00:00,64176,64209.64,64042,64177.7,260.32939,2026-07-12 16:59:59.999000+00:00,16695088.05,55181,94.22283,6042881.63,0
2026-07-12 17:00:00+00:00,64177.7,64177.74,64029.12,64078,243.96602,2026-07-12 17:59:59.999000+00:00,15639843.67,40041,93.42518,5988574.946,0
2026-07-12 18:00:00+00:00,64078,64150,64018.69,64147.99,207.74726,2026-07-12 18:59:59.999000+00:00,13311747.12,52460,101.29939,6490080.958,0
2026-07-12 19:00:00+00:00,64148,64270,64147.3,64228.59,178.3269,2026-07-12 19:59:59.999000+00:00,11448020.19,35891,83.09837,5334645.661,0
2026-07-12 20:00:00+00:00,64228.59,64254,64178.03,64198.89,158.2404,2026-07-12 20:59:59.999000+00:00,10160253.5,36090,78.2585,5024620.009,0
2026-07-12 21:00:00+00:00,64198.9,64232.02,63891.84,63920.4,317.29013,2026-07-12 21:59:59.999000+00:00,20316031.79,73654,112.24838,7187142.274,0
2026-07-12 22:00:00+00:00,63920.4,63923.99,63668,63886.87,425.91972,2026-07-12 22:59:59.999000+00:00,27166580.28,129062,201.57147,12857053.88,0
2026-07-12 23:00:00+00:00,63886.86,63914.85,63726.62,63780,260.80581,2026-07-12 23:59:59.999000+00:00,16638583.28,85082,130.56744,8330075.803,0
2026-07-13 00:00:00+00:00,63780,64425,63568,64072.01,1134.90308,2026-07-13 00:59:59.999000+00:00,72654773.07,286831,546.3777,34988735.42,0
2026-07-13 01:00:00+00:00,64072,64072.01,63376.53,63412.01,1113.66129,2026-07-13 01:59:59.999000+00:00,70877741.57,211558,406.44425,25880695.38,0
2026-07-13 02:00:00+00:00,63412.01,63541.94,63237.26,63375.99,621.99474,2026-07-13 02:59:59.999000+00:00,39435128.15,180956,273.64623,17352243.72,0
2026-07-13 03:00:00+00:00,63376,63382.95,62741.04,62806.41,1068.82271,2026-07-13 03:59:59.999000+00:00,67302083.8,190926,374.67881,23586928.82,0
2026-07-13 04:00:00+00:00,62806.41,62911.94,62620.13,62672,670.25607,2026-07-13 04:59:59.999000+00:00,42063818.98,107703,272.82364,17125386.09,0
2026-07-13 05:00:00+00:00,62672,62905.68,62500.76,62799,816.14848,2026-07-13 05:59:59.999000+00:00,51176201.88,128840,336.13973,21085184.62,0
2026-07-13 06:00:00+00:00,62799.01,62880,62710.45,62797.55,385.11506,2026-07-13 06:59:59.999000+00:00,24184102.59,81497,199.57348,12532600.5,0
2026-07-13 07:00:00+00:00,62797.55,63070.01,62753.69,62985.52,1476.1879,2026-07-13 07:59:59.999000+00:00,92960933.99,113042,789.05083,49678061.17,0
2026-07-13 08:00:00+00:00,62985.53,63302.88,62935.92,63206.97,1893.03927,2026-07-13 08:59:59.999000+00:00,119430995.7,91024,838.75151,52914949.69,0
2026-07-13 09:00:00+00:00,63206.98,63210,63086.12,63100.02,663.43575,2026-07-13 09:59:59.999000+00:00,41877393.27,47622,269.67243,17023014.49,0
2026-07-13 10:00:00+00:00,63100.02,63157.85,62862.28,62867.89,788.29364,2026-07-13 10:59:59.999000+00:00,49685703.24,64528,223.32148,14080598.21,0
2026-07-13 11:00:00+00:00,62867.9,63135.55,62867.9,62901.99,458.30123,2026-07-13 11:59:59.999000+00:00,28871322.44,80420,284.85154,17943525.2,0
2026-07-13 12:00:00+00:00,62901.99,62990.04,62570,62625.15,689.69237,2026-07-13 12:59:59.999000+00:00,43292710.11,145674,240.13365,15065772.27,0
2026-07-13 13:00:00+00:00,62625.15,62766.37,62164,62318,2175.34811,2026-07-13 13:59:59.999000+00:00,135790068.4,285296,960.65466,60001341.66,0
2026-07-13 14:00:00+00:00,62318.01,62794.97,62101,62791.85,1780.86024,2026-07-13 14:59:59.999000+00:00,111242967.1,287712,1004.52163,62764708.27,0
2026-07-13 15:00:00+00:00,62791.85,62983.83,62559.58,62618.01,1226.00074,2026-07-13 15:59:59.999000+00:00,76866972.6,157149,588.3949,36899051.7,0
2026-07-13 16:00:00+00:00,62618,62629.35,62212,62276,970.69108,2026-07-13 16:59:59.999000+00:00,60576532.3,168597,395.8494,24695549.17,0
2026-07-13 17:00:00+00:00,62276.01,62370,61900,61904.99,1161.78052,2026-07-13 17:59:59.999000+00:00,72161314.34,173760,509.9746,31683482.29,0
2026-07-13 18:00:00+00:00,61904.99,62100,61824.97,62020,662.51495,2026-07-13 18:59:59.999000+00:00,41047598.61,132699,375.20601,23248637.52,0
2026-07-13 19:00:00+00:00,62020,62292.84,61990,62288.23,503.43262,2026-07-13 19:59:59.999000+00:00,31265406.7,91224,284.37197,17661893.93,0
2026-07-13 20:00:00+00:00,62288.23,62324.74,62050.71,62210.99,294.43026,2026-07-13 20:59:59.999000+00:00,18312163.37,62234,126.468,7865572.431,0
2026-07-13 21:00:00+00:00,62211,62216.35,61897.45,62065.06,385.18322,2026-07-13 21:59:59.999000+00:00,23900169.68,77517,156.25407,9694051.858,0
2026-07-13 22:00:00+00:00,62065.05,62224,61911.31,61924,386.45256,2026-07-13 22:59:59.999000+00:00,23996456.87,85665,191.93372,11919622.2,0
2026-07-13 23:00:00+00:00,61924,62347.46,61882.88,62334.52,355.95615,2026-07-13 23:59:59.999000+00:00,22124171.26,97238,212.343,13199823.11,0
2026-07-14 00:00:00+00:00,62334.52,62666.66,62272.2,62549.54,827.98236,2026-07-14 00:59:59.999000+00:00,51675940.2,162789,523.04865,32645021.3,0
2026-07-14 01:00:00+00:00,62549.55,62640,62460.03,62540.42,471.32047,2026-07-14 01:59:59.999000+00:00,29468927.04,112273,162.59369,10166070.76,0
2026-07-14 02:00:00+00:00,62540.41,62645,62329.98,62544,510.10327,2026-07-14 02:59:59.999000+00:00,31869750.67,75818,202.66286,12667949.44,0
2026-07-14 03:00:00+00:00,62544,62604,62314,62572.89,439.89615,2026-07-14 03:59:59.999000+00:00,27471043.07,74405,127.18215,7945043.424,0
2026-07-14 04:00:00+00:00,62572.88,62768.95,62539.71,62745.23,314.71779,2026-07-14 04:59:59.999000+00:00,19725662.03,69871,163.24658,10231335.23,0
2026-07-14 05:00:00+00:00,62745.24,62872,62697.69,62737,625.4247,2026-07-14 05:59:59.999000+00:00,39262968.53,75213,378.7399,23778098.64,0
2026-07-14 06:00:00+00:00,62737,62772.48,62566.01,62624.05,742.03175,2026-07-14 06:59:59.999000+00:00,46505512.48,67688,331.34613,20766405.11,0
2026-07-14 07:00:00+00:00,62624.06,62655.99,62516.93,62560.92,406.16223,2026-07-14 07:59:59.999000+00:00,25423415.19,83510,225.31426,14103064.64,0
2026-07-14 08:00:00+00:00,62560.92,62807.94,62500,62713.85,377.86259,2026-07-14 08:59:59.999000+00:00,23678347.09,70924,165.78605,10387903.71,0
2026-07-14 09:00:00+00:00,62713.85,62742,62534.29,62629.55,614.55321,2026-07-14 09:59:59.999000+00:00,38491256.58,70186,263.11312,16481581.46,0
2026-07-14 10:00:00+00:00,62629.56,62908.8,62609.47,62800,437.22084,2026-07-14 10:59:59.999000+00:00,27436132.49,87948,228.96814,14367556.86,0
2026-07-14 11:00:00+00:00,62800.01,62923.06,62713.6,62844.99,302.90008,2026-07-14 11:59:59.999000+00:00,19028848.3,76374,135.33427,8501932.738,0
2026-07-14 12:00:00+00:00,62844.99,63989.54,62780.84,63960,3109.78866,2026-07-14 12:59:59.999000+00:00,197228080.8,340612,1759.05632,111593555.1,0
2026-07-14 13:00:00+00:00,63959.99,64181.99,63699.03,63840.01,1522.71413,2026-07-14 13:59:59.999000+00:00,97289004.16,264729,726.13568,46394195.81,0
2026-07-14 14:00:00+00:00,63840.01,64346.49,63580.99,64305.02,1089.85313,2026-07-14 14:59:59.999000+00:00,69660622.92,214506,576.80866,36892339.22,0
2026-07-14 15:00:00+00:00,64305.01,64966.43,64194.64,64743.99,3074.26518,2026-07-14 15:59:59.999000+00:00,198686212.1,328316,1767.07268,114220076.7,0
2026-07-14 16:00:00+00:00,64744,64896.86,64606,64730,1264.07966,2026-07-14 16:59:59.999000+00:00,81894662.52,197007,721.85004,46769380.66,0
2026-07-14 17:00:00+00:00,64730.01,64730.01,64231.77,64621.43,1156.00933,2026-07-14 17:59:59.999000+00:00,74566380.78,159839,544.29781,35108784.13,0
2026-07-14 18:00:00+00:00,64621.43,64648.88,64477.23,64571.98,502.24971,2026-07-14 18:59:59.999000+00:00,32424776.07,98369,273.76826,17673821.21,0
2026-07-14 19:00:00+00:00,64571.99,64704,64487.38,64569.59,367.96179,2026-07-14 19:59:59.999000+00:00,23764910.01,78301,179.34289,11582541.77,0
2026-07-14 20:00:00+00:00,64569.59,64599,64419.99,64572.02,281.25074,2026-07-14 20:59:59.999000+00:00,18138006.35,61993,121.59743,7842119.565,0
2026-07-14 21:00:00+00:00,64572.02,64893.92,64526,64676.9,427.49727,2026-07-14 21:59:59.999000+00:00,27660350.42,80311,229.12565,14826358.18,0
2026-07-14 22:00:00+00:00,64676.89,65100,64516,64860.89,1268.06322,2026-07-14 22:59:59.999000+00:00,82320454.64,146779,789.09241,51230725.65,0
2026-07-14 23:00:00+00:00,64860.89,65048,64782,65043.98,418.50558,2026-07-14 23:59:59.999000+00:00,27183236.21,83184,252.00615,16368466.76,0
2026-07-15 00:00:00+00:00,65043.99,65065.01,64765.12,64824.58,352.45343,2026-07-15 00:59:59.999000+00:00,22876740.13,89993,145.01703,9413356.106,0
2026-07-15 01:00:00+00:00,64824.57,64853.08,64644.48,64674.35,610.20031,2026-07-15 01:59:59.999000+00:00,39490595.1,84226,193.02661,12492165.36,0
2026-07-15 02:00:00+00:00,64674.35,64755.99,64488,64490.87,350.99185,2026-07-15 02:59:59.999000+00:00,22663017.41,67599,128.24033,8281727.998,0
2026-07-15 03:00:00+00:00,64490.87,64840,64490.86,64792.01,379.79444,2026-07-15 03:59:59.999000+00:00,24556380.13,78761,212.73565,13753964.14,0
2026-07-15 04:00:00+00:00,64792,64885.99,64714,64746.01,289.24746,2026-07-15 04:59:59.999000+00:00,18744503.57,67192,130.57975,8462528.259,0
2026-07-15 05:00:00+00:00,64746.01,64964.96,64602.5,64944.06,686.5094,2026-07-15 05:59:59.999000+00:00,44428561.41,77972,352.04292,22785642.92,0
2026-07-15 06:00:00+00:00,64944.06,65277.37,64814,64814,974.06143,2026-07-15 06:59:59.999000+00:00,63357389.08,145379,556.38097,36188305.62,0
2026-07-15 07:00:00+00:00,64814.01,64876,64485,64549.34,1209.74716,2026-07-15 07:59:59.999000+00:00,78196461.07,129130,546.94983,35360286.06,0
2026-07-15 08:00:00+00:00,64549.33,64797.02,64549.33,64768.01,958.47053,2026-07-15 08:59:59.999000+00:00,62009500.85,79476,550.53625,35619108.37,0
2026-07-15 09:00:00+00:00,64768,64917.94,64653.18,64671.83,542.47841,2026-07-15 09:59:59.999000+00:00,35158818.22,67517,261.29365,16935464.05,0
2026-07-15 10:00:00+00:00,64671.84,64855.56,64614,64663,316.30209,2026-07-15 10:59:59.999000+00:00,20467657.27,70407,149.48303,9671741.633,0
2026-07-15 11:00:00+00:00,64663,64767.37,64616.11,64732.15,500.13863,2026-07-15 11:59:59.999000+00:00,32358687.1,71757,315.56224,20416585.68,0
2026-07-15 12:00:00+00:00,64732.15,65249.9,64606,65164,1837.40143,2026-07-15 12:59:59.999000+00:00,119231761.7,204654,986.57597,64032026.42,0
2026-07-15 13:00:00+00:00,65164,65577,64888,65117.99,1942.12357,2026-07-15 13:59:59.999000+00:00,126827754.7,316395,986.51569,64444692.68,0
2026-07-15 14:00:00+00:00,65118,65517.05,65070,65399.81,1187.13269,2026-07-15 14:59:59.999000+00:00,77547190.8,250059,623.94836,40760081.44,0
2026-07-15 15:00:00+00:00,65399.8,65600,65261.71,65427.61,1153.25811,2026-07-15 15:59:59.999000+00:00,75449236.78,191878,551.50561,36081687.31,0
2026-07-15 16:00:00+00:00,65427.6,65470,64784.83,65120.79,1423.19665,2026-07-15 16:59:59.999000+00:00,92630468.45,173982,688.94738,44826198.32,0
2026-07-15 17:00:00+00:00,65120.8,65194.72,64972.95,65056.1,1119.69712,2026-07-15 17:59:59.999000+00:00,72840642.5,114230,535.60425,34839115.85,0
2026-07-15 18:00:00+00:00,65056.1,65143.57,64847.42,64860,1076.85531,2026-07-15 18:59:59.999000+00:00,70017332.55,87058,480.85672,31262801.43,0
2026-07-15 19:00:00+00:00,64860,65000,64738.49,64977.34,377.96921,2026-07-15 19:59:59.999000+00:00,24530349.13,90113,181.50442,11781117.23,0
2026-07-15 20:00:00+00:00,64977.34,65055.39,64899,64968.01,239.51973,2026-07-15 20:59:59.999000+00:00,15565796.06,44327,97.10398,6310620.252,0
2026-07-15 21:00:00+00:00,64968.02,65018.74,64789.89,64834.31,289.23644,2026-07-15 21:59:59.999000+00:00,18762786.3,50400,116.77521,7573283.411,0
2026-07-15 22:00:00+00:00,64834.31,64982.47,64772,64866.93,275.16571,2026-07-15 22:59:59.999000+00:00,17849617.46,59240,109.62196,7111784.534,0
2026-07-15 23:00:00+00:00,64866.93,64938,64691.89,64756.28,309.9463,2026-07-15 23:59:59.999000+00:00,20087076,57174,108.67581,7043526.744,0
2026-07-16 00:00:00+00:00,64756.28,64845.5,64500,64584.07,762.20624,2026-07-16 00:59:59.999000+00:00,49306432.44,114212,267.75046,17318373.84,0
2026-07-16 01:00:00+00:00,64584.07,64830,64392.01,64730.01,462.87658,2026-07-16 01:59:59.999000+00:00,29897308.76,93749,184.90674,11949275.79,0
2026-07-16 02:00:00+00:00,64730,64735.09,64574.02,64642.01,327.49099,2026-07-16 02:59:59.999000+00:00,21167895.81,81469,120.01092,7756612.582,0
2026-07-16 03:00:00+00:00,64642,64745.55,64555,64619.95,221.04888,2026-07-16 03:59:59.999000+00:00,14291216.66,62519,91.13349,5892081.111,0
2026-07-16 04:00:00+00:00,64619.96,64692,64544.04,64650.05,615.61718,2026-07-16 04:59:59.999000+00:00,39778166.11,63217,272.65011,17616184.69,0
2026-07-16 05:00:00+00:00,64650.05,64997.52,64592.67,64917.99,618.6053,2026-07-16 05:59:59.999000+00:00,40096131.81,102100,272.42041,17666903.16,0
2026-07-16 06:00:00+00:00,64917.99,64978,64630.01,64777.32,355.62558,2026-07-16 06:59:59.999000+00:00,23055384.83,80154,185.42352,12022085.92,0
2026-07-16 07:00:00+00:00,64777.33,64777.33,64086.12,64238,1138.76345,2026-07-16 07:59:59.999000+00:00,73266539.92,135277,530.20807,34107504.96,0
2026-07-16 08:00:00+00:00,64238,64380,63888,64126.85,3967.6065,2026-07-16 08:59:59.999000+00:00,254484514.6,276872,1913.73079,122766239.6,0
2026-07-16 09:00:00+00:00,64126.86,64186.83,64019.02,64090,3387.73889,2026-07-16 09:59:59.999000+00:00,217178817.9,133490,1709.97753,109620357.4,0
2026-07-16 10:00:00+00:00,64090,64269.42,64077.75,64221.34,351.18175,2026-07-16 10:59:59.999000+00:00,22540451.73,64376,216.77888,13913975.42,0
2026-07-16 11:00:00+00:00,64221.34,64269.42,64101,64256.53,377.01841,2026-07-16 11:59:59.999000+00:00,24201455.75,80601,229.3421,14721330.94,0
2026-07-16 12:00:00+00:00,64256.52,64256.52,63838.28,63966.01,728.30687,2026-07-16 12:59:59.999000+00:00,46650112.64,112114,307.42746,19689959.57,0
2026-07-16 13:00:00+00:00,63966.01,64480,63961.14,64376,827.04997,2026-07-16 13:59:59.999000+00:00,53133011.01,206844,462.57569,29715578.92,0
2026-07-16 14:00:00+00:00,64375.99,64863.07,64332.57,64543.51,993.97642,2026-07-16 14:59:59.999000+00:00,64228141.43,242913,530.78945,34303137.88,0
2026-07-16 15:00:00+00:00,64543.51,64896,64320,64704.73,620.57363,2026-07-16 15:59:59.999000+00:00,40116555.72,179749,294.17576,19020835.82,0
2026-07-16 16:00:00+00:00,64704.73,64712,64333.33,64484,523.57946,2026-07-16 16:59:59.999000+00:00,33772572.94,164890,258.97661,16707468.59,0
2026-07-16 17:00:00+00:00,64484.01,64484.01,63984.09,64069.03,616.12218,2026-07-16 17:59:59.999000+00:00,39546263.91,152847,298.65752,19167669.08,0
2026-07-16 18:00:00+00:00,64069.04,64330,64052.14,64246.01,275.58322,2026-07-16 18:59:59.999000+00:00,17693233.32,96968,154.14249,9896995.898,0
2026-07-16 19:00:00+00:00,64246.01,64301.99,64152,64271.84,368.59969,2026-07-16 19:59:59.999000+00:00,23673372.55,87618,179.89113,11553769.46,0
2026-07-16 20:00:00+00:00,64271.85,64276,64108,64114.27,169.71905,2026-07-16 20:59:59.999000+00:00,10892569.28,46514,50.34261,3231019.42,0
2026-07-16 21:00:00+00:00,64114.25,64253.25,64101.18,64161.99,188.0978,2026-07-16 21:59:59.999000+00:00,12073010.57,46705,98.81405,6342100.948,0
2026-07-16 22:00:00+00:00,64162,64240.12,63950.01,63968,351.60652,2026-07-16 22:59:59.999000+00:00,22541243.73,82121,189.43479,12146431.34,0
2026-07-16 23:00:00+00:00,63968.01,64010.58,63748.74,63830.2,515.53223,2026-07-16 23:59:59.999000+00:00,32913982.96,106162,187.74549,11986107.89,0
2026-07-17 00:00:00+00:00,63830.2,63912,63612.62,63886,435.36884,2026-07-17 00:59:59.999000+00:00,27761893.02,130096,188.83862,12043436.33,0
2026-07-17 01:00:00+00:00,63886,64067.69,63476,63546.24,735.77497,2026-07-17 01:59:59.999000+00:00,46906740.32,165996,328.86352,20966019.63,0
2026-07-17 02:00:00+00:00,63546.25,63657.99,63380.28,63482,818.39465,2026-07-17 02:59:59.999000+00:00,51965487.31,145402,363.18785,23062333.83,0
2026-07-17 03:00:00+00:00,63482,63720,63482,63570,676.04775,2026-07-17 03:59:59.999000+00:00,43025216.04,89683,355.40693,22617274.29,0
2026-07-17 04:00:00+00:00,63570,63576,63320,63486.01,490.83509,2026-07-17 04:59:59.999000+00:00,31130289.07,85259,278.98949,17693576.11,0
2026-07-17 05:00:00+00:00,63486.01,63486.01,62804.3,62839.76,1190.44758,2026-07-17 05:59:59.999000+00:00,75071052.9,147087,412.98017,26034463.66,0
2026-07-17 06:00:00+00:00,62839.77,62998.52,62710,62948,1200.24888,2026-07-17 06:59:59.999000+00:00,75426822.05,145347,541.26582,34019405.36,0
2026-07-17 07:00:00+00:00,62948,62983.99,62800,62828.11,1288.47496,2026-07-17 07:59:59.999000+00:00,81065480.64,116780,828.5767,52133039.55,0
2026-07-17 08:00:00+00:00,62828.11,62939.04,62666,62888,838.1557,2026-07-17 08:59:59.999000+00:00,52634154.77,118340,442.6419,27797608.18,0
2026-07-17 09:00:00+00:00,62888.01,63069.06,62852.89,62989.46,603.45822,2026-07-17 09:59:59.999000+00:00,37986908.72,77782,305.18241,19211837.84,0
2026-07-17 10:00:00+00:00,62989.47,63201.91,62989.47,63179.92,534.56662,2026-07-17 10:59:59.999000+00:00,33746956.32,82170,302.65855,19107614.54,0
2026-07-17 11:00:00+00:00,63179.91,63361.7,63063.67,63298.01,617.19974,2026-07-17 11:59:59.999000+00:00,38998648.56,76675,338.41136,21383081.08,0
2026-07-17 12:00:00+00:00,63298,63348,63069.09,63099.75,618.64826,2026-07-17 12:59:59.999000+00:00,39087743.62,104477,298.57732,18860325.88,0
2026-07-17 13:00:00+00:00,63099.75,63180,62537.56,63153.99,1381.50027,2026-07-17 13:59:59.999000+00:00,86761153.85,306096,574.56636,36081573.43,0
2026-07-17 14:00:00+00:00,63154,63518,63051.77,63174,1199.38162,2026-07-17 14:59:59.999000+00:00,75888606.66,289884,517.61777,32755073.02,0
2026-07-17 15:00:00+00:00,63174.01,63452,62856.16,63452,702.84059,2026-07-17 15:59:59.999000+00:00,44374391.21,193926,352.89734,22287323.01,0
2026-07-17 16:00:00+00:00,63452,63706.75,63312.01,63594,881.75053,2026-07-17 16:59:59.999000+00:00,55981690.51,163102,469.94191,29834543.44,0
2026-07-17 17:00:00+00:00,63594,64228.27,63594,64049.86,1210.18889,2026-07-17 17:59:59.999000+00:00,77456976.05,231758,571.8845,36596006.99,0
2026-07-17 18:00:00+00:00,64049.85,64387.99,63894,64259.73,761.86335,2026-07-17 18:59:59.999000+00:00,48861207.77,192330,373.50051,23959096.17,0
2026-07-17 19:00:00+00:00,64259.73,64259.73,63981.2,64160.8,578.45246,2026-07-17 19:59:59.999000+00:00,37090044.8,141264,233.12112,14948946.43,0
2026-07-17 20:00:00+00:00,64160.8,64192.57,63958.19,64120,456.18305,2026-07-17 20:59:59.999000+00:00,29216033.49,95798,185.02914,11849589.14,0
2026-07-17 21:00:00+00:00,64120.01,64216.61,64064,64110,284.21145,2026-07-17 21:59:59.999000+00:00,18226751.53,56652,130.42543,8364037.073,0
2026-07-17 22:00:00+00:00,64110.01,64147,63903.63,63986,255.88006,2026-07-17 22:59:59.999000+00:00,16376212.73,46539,91.43757,5850694.027,0
2026-07-17 23:00:00+00:00,63986.01,64011.08,63884.35,63931.67,430.02036,2026-07-17 23:59:59.999000+00:00,27505567.4,36853,132.43572,8469813.654,0
2026-07-18 00:00:00+00:00,63931.67,64012.39,63895.33,63910.04,217.92923,2026-07-18 00:59:59.999000+00:00,13934565.37,36439,88.94571,5686457.775,0
2026-07-18 01:00:00+00:00,63910.05,64000,63886.65,63952.98,200.93158,2026-07-18 01:59:59.999000+00:00,12845683.93,38454,101.13965,6465786.995,0
2026-07-18 02:00:00+00:00,63952.97,64032.6,63930.54,63967.61,372.4998,2026-07-18 02:59:59.999000+00:00,23831434.12,34906,177.20663,11337386.95,0
2026-07-18 03:00:00+00:00,63967.61,64017.85,63928.15,64017.84,578.99589,2026-07-18 03:59:59.999000+00:00,37028871.33,40753,339.54706,21713685.83,0
2026-07-18 04:00:00+00:00,64017.84,64017.85,63947.09,63967.99,311.74394,2026-07-18 04:59:59.999000+00:00,19944984.81,31750,114.86755,7349025.064,0
2026-07-18 05:00:00+00:00,63968,63998,63926.39,63967.95,153.28461,2026-07-18 05:59:59.999000+00:00,9804201.601,35664,91.89331,5877624.662,0
2026-07-18 06:00:00+00:00,63967.95,64005.99,63950,63979.67,193.68533,2026-07-18 06:59:59.999000+00:00,12391202.31,22645,84.94141,5434162.664,0
2026-07-18 07:00:00+00:00,63979.67,64026.03,63974.94,64002.75,290.3862,2026-07-18 07:59:59.999000+00:00,18587667.39,27957,149.35276,9560275.087,0
2026-07-18 08:00:00+00:00,64002.75,64019.64,63960,64006.01,293.43528,2026-07-18 08:59:59.999000+00:00,18776525.35,26230,166.47617,10652735.56,0
2026-07-18 09:00:00+00:00,64006.01,64006.01,63887.73,63987.76,286.53507,2026-07-18 09:59:59.999000+00:00,18326684.74,22373,81.78779,5231626.462,0
2026-07-18 10:00:00+00:00,63987.77,64026.39,63982.34,64016.43,264.0947,2026-07-18 10:59:59.999000+00:00,16904036.77,15481,193.28382,12371899.73,0
2026-07-18 11:00:00+00:00,64016.43,64097.22,64010.99,64069.89,259.43503,2026-07-18 11:59:59.999000+00:00,16611789.17,21897,124.61799,7979980.35,0
2026-07-18 12:00:00+00:00,64069.89,64274.47,64057.27,64218,554.94465,2026-07-18 12:59:59.999000+00:00,35603019.33,71351,375.60846,24096408.85,0
2026-07-18 13:00:00+00:00,64218.01,64218.01,63963,64106,300.90627,2026-07-18 13:59:59.999000+00:00,19269691.64,57350,90.42783,5791811.629,0
2026-07-18 14:00:00+00:00,64105.99,64195.01,64101.42,64126,182.82691,2026-07-18 14:59:59.999000+00:00,11729731.75,40171,102.86872,6600011.969,0
2026-07-18 15:00:00+00:00,64126,64163.99,64037.45,64123.12,202.91031,2026-07-18 15:59:59.999000+00:00,13005984.01,42082,79.70971,5109074.603,0
2026-07-18 16:00:00+00:00,64123.13,64314,64091.48,64303.47,325.76583,2026-07-18 16:59:59.999000+00:00,20909944.61,57577,198.17952,12720700.95,0
2026-07-18 17:00:00+00:00,64303.48,64492,64280.22,64480.29,572.40254,2026-07-18 17:59:59.999000+00:00,36842060.5,81560,339.31225,21839596.16,0
2026-07-18 18:00:00+00:00,64480.28,64669.5,64462,64512.41,531.00754,2026-07-18 18:59:59.999000+00:00,34268725.92,76954,317.00387,20459179.87,0
2026-07-18 19:00:00+00:00,64512.41,64597.9,64482,64552.79,294.01495,2026-07-18 19:59:59.999000+00:00,18977273.56,41062,143.09304,9235865.315,0
2026-07-18 20:00:00+00:00,64552.8,64739.64,64528.69,64693.01,554.55726,2026-07-18 20:59:59.999000+00:00,35832367.05,67492,203.9533,13180424.59,0
2026-07-18 21:00:00+00:00,64693.02,64846.83,64614.36,64731.72,365.29033,2026-07-18 21:59:59.999000+00:00,23646648.01,86946,156.3367,10119916.34,0
2026-07-18 22:00:00+00:00,64731.73,64865,64712.29,64805.05,503.12891,2026-07-18 22:59:59.999000+00:00,32595444.27,67199,270.39759,17518777.95,0
2026-07-18 23:00:00+00:00,64805.04,64843.3,64709.28,64834.22,220.46796,2026-07-18 23:59:59.999000+00:00,14286111.12,44408,109.26344,7080365.086,0
2026-07-19 00:00:00+00:00,64834.21,64906.4,64769.47,64792.08,443.04046,2026-07-19 00:59:59.999000+00:00,28721404.17,44297,220.83655,14316271.21,0
2026-07-19 01:00:00+00:00,64792.08,64792.09,64765.99,64765.99,211.03912,2026-07-19 01:59:59.999000+00:00,13669959.85,27566,70.30937,4554215.744,0
2026-07-19 02:00:00+00:00,64766,64967.25,64700.84,64826.01,574.09127,2026-07-19 02:59:59.999000+00:00,37227437.85,76305,358.62229,23255469.9,0
2026-07-19 03:00:00+00:00,64826.01,64842.92,64620.44,64706.18,416.11384,2026-07-19 03:59:59.999000+00:00,26917588.51,49992,164.16272,10617455.41,0
2026-07-19 04:00:00+00:00,64706.18,64795.43,64610.89,64720.17,249.31584,2026-07-19 04:59:59.999000+00:00,16131599.63,44807,112.81648,7298809.805,0
2026-07-19 05:00:00+00:00,64720.17,64815.65,64676,64724.01,206.27533,2026-07-19 05:59:59.999000+00:00,13355010.31,32382,97.6946,6324844.654,0
2026-07-19 06:00:00+00:00,64724,64759.33,64694.66,64711.69,244.79532,2026-07-19 06:59:59.999000+00:00,15843142.9,30360,76.65129,4960694.489,0
2026-07-19 07:00:00+00:00,64711.69,64784,64675,64711.05,401.27453,2026-07-19 07:59:59.999000+00:00,25968746.21,35850,235.1572,15217846.39,0
2026-07-19 08:00:00+00:00,64711.04,64743,64631.54,64707.49,602.66232,2026-07-19 08:59:59.999000+00:00,38983669.86,45790,356.39588,23052202.88,0
2026-07-19 09:00:00+00:00,64707.48,64725.74,64500,64509.99,392.93472,2026-07-19 09:59:59.999000+00:00,25372958.78,60038,180.76904,11673142.19,0
2026-07-19 10:00:00+00:00,64510,64700,64482,64595,334.64364,2026-07-19 10:59:59.999000+00:00,21619201.56,62655,216.11326,13960549.56,0
2026-07-19 11:00:00+00:00,64595,64636.28,64445,64467.64,208.69371,2026-07-19 11:59:59.999000+00:00,13470075.18,61380,117.78144,7602488.189,0
2026-07-19 12:00:00+00:00,64467.65,64467.65,64285.24,64441.15,549.2859,2026-07-19 12:59:59.999000+00:00,35360477.76,78381,268.79894,17304578.35,0
2026-07-19 13:00:00+00:00,64441.16,64516.33,64307.72,64483.31,325.94592,2026-07-19 13:59:59.999000+00:00,20994565.9,62759,169.12018,10895130.48,0
2026-07-19 14:00:00+00:00,64483.32,64663.04,64425.24,64593.07,328.9706,2026-07-19 14:59:59.999000+00:00,21225054.83,78033,225.3083,14536567.97,0
2026-07-19 15:00:00+00:00,64593.07,64620,64500,64585.32,260.30458,2026-07-19 15:59:59.999000+00:00,16801371.55,55126,135.33206,8734616.219,0
2026-07-19 16:00:00+00:00,64585.33,64644,64505.21,64538.72,321.63819,2026-07-19 16:59:59.999000+00:00,20767837.48,55152,186.63356,12051218.76,0
2026-07-19 17:00:00+00:00,64538.72,64752,64406.3,64547.86,402.19584,2026-07-19 17:59:59.999000+00:00,25983420.81,79967,167.89067,10848199.52,0
2026-07-19 18:00:00+00:00,64547.86,64554,64280,64419.99,321.71164,2026-07-19 18:59:59.999000+00:00,20728852.19,81538,166.99887,10759014.98,0
2026-07-19 19:00:00+00:00,64420,64467.82,64352,64462.58,115.02705,2026-07-19 19:59:59.999000+00:00,7410208.38,38116,56.02771,3609046.002,0
2026-07-19 20:00:00+00:00,64462.58,64560,64462.57,64535.99,100.52602,2026-07-19 20:59:59.999000+00:00,6484360.497,33798,44.16481,2848790.314,0
2026-07-19 21:00:00+00:00,64536,64562.55,64350,64415.75,221.49991,2026-07-19 21:59:59.999000+00:00,14270433.66,54765,83.61887,5387201.325,0
2026-07-19 22:00:00+00:00,64415.75,64900,64347.89,64674.67,828.28879,2026-07-19 22:59:59.999000+00:00,53575007.18,183382,403.70549,26114221.05,0
2026-07-19 23:00:00+00:00,64674.66,64772,64572,64722.54,319.6402,2026-07-19 23:59:59.999000+00:00,20676716.84,91898,167.06043,10806205.89,0
2026-07-20 00:00:00+00:00,64722.55,65107.99,64416,64553.84,736.05935,2026-07-20 00:59:59.999000+00:00,47746253.24,182848,373.03585,24211345.65,0
2026-07-20 01:00:00+00:00,64553.85,65029.4,64506,64628.01,401.29098,2026-07-20 01:59:59.999000+00:00,25991817.28,157579,207.33594,13431945.28,0
2026-07-20 02:00:00+00:00,64628.01,64964,64585,64827.2,378.92701,2026-07-20 02:59:59.999000+00:00,24558164.63,143622,170.46754,11048257.66,0
2026-07-20 03:00:00+00:00,64827.19,64914.93,64644.01,64869.8,340.53514,2026-07-20 03:59:59.999000+00:00,22070775.61,103653,193.73842,12557829.71,0
2026-07-20 04:00:00+00:00,64869.79,64869.99,64540,64540.01,333.38076,2026-07-20 04:59:59.999000+00:00,21577957.23,80155,115.4466,7471071.255,0
2026-07-20 05:00:00+00:00,64540,64562,64082.7,64128,978.47191,2026-07-20 05:59:59.999000+00:00,62855851.79,206944,411.79681,26453813.51,0
2026-07-20 06:00:00+00:00,64128.01,64220,63765.83,63917.98,852.13818,2026-07-20 06:59:59.999000+00:00,54507266.44,176861,395.60294,25309518.98,0
2026-07-20 07:00:00+00:00,63917.99,64315.96,63896,64280.01,998.28115,2026-07-20 07:59:59.999000+00:00,64007497.86,123721,618.64369,39655887.38,0
2026-07-20 08:00:00+00:00,64280.01,64356,63100,64049.99,3901.45477,2026-07-20 08:59:59.999000+00:00,249987108.9,159278,736.29869,47211972,0
2026-07-20 09:00:00+00:00,64050,64276,64012.8,64199.5,508.64903,2026-07-20 09:59:59.999000+00:00,32640625.46,78564,297.20927,19072075.31,0
2026-07-20 10:00:00+00:00,64199.51,64415.42,64162,64301.18,339.54836,2026-07-20 10:59:59.999000+00:00,21831111.37,74493,180.48151,11603342.3,0
2026-07-20 11:00:00+00:00,64301.18,65068,64273.33,65002.01,1040.02207,2026-07-20 11:59:59.999000+00:00,67330407.67,199513,594.40576,38477071.96,0
2026-07-20 12:00:00+00:00,65002,65002.83,64599.89,64640,1301.45682,2026-07-20 12:59:59.999000+00:00,84235389.04,149555,710.46076,45976717.83,0
2026-07-20 13:00:00+00:00,64640,64763.67,64208,64344.01,1171.73283,2026-07-20 13:59:59.999000+00:00,75666362.72,272284,658.22349,42507930.54,0
2026-07-20 14:00:00+00:00,64344.01,64575.37,64077.76,64416.01,811.23879,2026-07-20 14:59:59.999000+00:00,52211013.41,271777,430.34574,27702615.38,0
2026-07-20 15:00:00+00:00,64416.01,65666.8,64398.15,65598.75,2563.16846,2026-07-20 15:59:59.999000+00:00,166940754,342561,1660.67884,108201886.2,0
2026-07-20 16:00:00+00:00,65598.75,65637.7,65336,65508.5,1056.62117,2026-07-20 16:59:59.999000+00:00,69183278.03,187685,542.58058,35527245.86,0
2026-07-20 17:00:00+00:00,65508.5,65646.55,65342.52,65587.98,673.41436,2026-07-20 17:59:59.999000+00:00,44112235.34,125377,387.06212,25356413.65,0
2026-07-20 18:00:00+00:00,65587.99,65799,65204,65240.01,708.20295,2026-07-20 18:59:59.999000+00:00,46416684.66,152574,344.93339,22612220.68,0
2026-07-20 19:00:00+00:00,65240.01,65274.58,65041.05,65142,856.15121,2026-07-20 19:59:59.999000+00:00,55759616.61,123541,413.45663,26926261.09,0
2026-07-20 20:00:00+00:00,65142,65438,65061.92,65367.58,339.09983,2026-07-20 20:59:59.999000+00:00,22131381.22,86065,204.90754,13373931.17,0
2026-07-20 21:00:00+00:00,65367.57,65445.27,65272.32,65286.02,264.99229,2026-07-20 21:59:59.999000+00:00,17314896.59,64149,138.3953,9041914.947,0
2026-07-20 22:00:00+00:00,65286.02,65286.02,65092.66,65141.99,333.37114,2026-07-20 22:59:59.999000+00:00,21722734.26,74897,114.77361,7478741.269,0
2026-07-20 23:00:00+00:00,65142,65272.21,65128.17,65255.51,435.27846,2026-07-20 23:59:59.999000+00:00,28383526.92,69151,204.54566,13337119.33,0
2026-07-21 00:00:00+00:00,65255.51,65585,65148.75,65568.01,685.78688,2026-07-21 00:59:59.999000+00:00,44858297.8,137991,394.33991,25789332.56,0
2026-07-21 01:00:00+00:00,65568,65658.78,65232.65,65235.55,421.8846,2026-07-21 01:59:59.999000+00:00,27611342.27,109409,216.99319,14199713.82,0
2026-07-21 02:00:00+00:00,65235.56,65500,65176.2,65414.01,382.21075,2026-07-21 02:59:59.999000+00:00,24964497.66,98741,215.67468,14086803.9,0
2026-07-21 03:00:00+00:00,65414.01,65593.11,65411.74,65566.78,795.51369,2026-07-21 03:59:59.999000+00:00,52104085.97,104591,383.88337,25142512.72,0
2026-07-21 04:00:00+00:00,65566.77,65742.58,65471.69,65522.01,600.76388,2026-07-21 04:59:59.999000+00:00,39384993.98,95473,319.02736,20915155.22,0
2026-07-21 05:00:00+00:00,65522,65933.24,65485.55,65751.56,864.8195,2026-07-21 05:59:59.999000+00:00,56764659.86,103232,444.81598,29201688.37,0
2026-07-21 06:00:00+00:00,65751.56,65991.05,65634,65913,733.43884,2026-07-21 06:59:59.999000+00:00,48297424.56,126066,401.05742,26405044.48,0
2026-07-21 07:00:00+00:00,65913,66245.64,65866,66186.86,1338.71722,2026-07-21 07:59:59.999000+00:00,88446649.38,143773,687.99456,45443085.89,0
2026-07-21 08:00:00+00:00,66186.86,66354,66129.19,66226.44,1032.71252,2026-07-21 08:59:59.999000+00:00,68425285.38,158063,550.2818,36461231.02,0
2026-07-21 09:00:00+00:00,66226.43,66350,66144,66291.99,472.96398,2026-07-21 09:59:59.999000+00:00,31334455.47,80381,231.88096,15361662.04,0
2026-07-21 10:00:00+00:00,66292,66420.65,66176.55,66180,1179.04438,2026-07-21 10:59:59.999000+00:00,78206466.88,106189,560.59725,37186173.27,0
2026-07-21 11:00:00+00:00,66180,66350,66147.82,66345.59,752.24871,2026-07-21 11:59:59.999000+00:00,49837400.02,82988,394.46866,26132081.58,0
2026-07-21 12:00:00+00:00,66345.59,66640,66255.73,66558.82,1002.49408,2026-07-21 12:59:59.999000+00:00,66618017.18,154107,626.01214,41603052.58,0
2026-07-21 13:00:00+00:00,66558.81,66810.97,66315.62,66786,1358.43796,2026-07-21 13:59:59.999000+00:00,90418929.7,258062,734.51135,48897433.48,0
2026-07-21 14:00:00+00:00,66786,66956.15,66648.27,66842.3,1722.33044,2026-07-21 14:59:59.999000+00:00,115095849.7,255021,949.00186,63418859.73,0
2026-07-21 15:00:00+00:00,66842.29,66842.3,66517.52,66676.54,948.73464,2026-07-21 15:59:59.999000+00:00,63259092.35,191665,395.80559,26390806.58,0
2026-07-21 16:00:00+00:00,66676.53,66764,66462.32,66542.01,672.73654,2026-07-21 16:59:59.999000+00:00,44803452.89,153714,300.5307,20018404.68,0
2026-07-21 17:00:00+00:00,66542.01,66567.59,66052.63,66207.95,1024.8098,2026-07-21 17:59:59.999000+00:00,67962919.14,147681,505.9684,33559829.19,0
2026-07-21 18:00:00+00:00,66207.96,66358,66098.71,66319.95,619.31647,2026-07-21 18:59:59.999000+00:00,41027462.11,131160,315.63375,20911513.79,0
2026-07-21 19:00:00+00:00,66319.96,66502.8,66264.12,66444.76,623.55174,2026-07-21 19:59:59.999000+00:00,41412143.59,89737,293.52367,19493314.67,0
2026-07-21 20:00:00+00:00,66444.76,66496,66359.3,66406.57,288.41886,2026-07-21 20:59:59.999000+00:00,19158375.83,62052,131.52161,8736044.536,0
2026-07-21 21:00:00+00:00,66406.58,66408.26,66290,66385,330.71956,2026-07-21 21:59:59.999000+00:00,21944053.58,61522,162.63134,10791032.04,0
2026-07-21 22:00:00+00:00,66385,66388.35,66204,66304.02,432.0724,2026-07-21 22:59:59.999000+00:00,28652241.7,74200,148.98017,9877343.02,0
2026-07-21 23:00:00+00:00,66304.02,66576,66228.55,66556.16,334.55343,2026-07-21 23:59:59.999000+00:00,22214593.06,79423,180.67296,11995204.3,0
2026-07-22 00:00:00+00:00,66556.15,66739.89,66525.54,66620.97,961.25987,2026-07-22 00:59:59.999000+00:00,64081004.74,139151,593.74514,39584297.31,0
2026-07-22 01:00:00+00:00,66620.97,66661.79,66282.65,66433.3,801.8459,2026-07-22 01:59:59.999000+00:00,53272816.64,149270,444.41662,29525448.18,0
2026-07-22 02:00:00+00:00,66433.29,66532.26,66298,66314.12,584.2039,2026-07-22 02:59:59.999000+00:00,38786656.52,251235,275.24641,18273569.4,0
2026-07-22 03:00:00+00:00,66314.12,66371.27,66176,66210,535.35393,2026-07-22 03:59:59.999000+00:00,35480944.27,112668,257.78222,17085988.89,0
2026-07-22 04:00:00+00:00,66209.99,66424,66198,66381.05,1016.50384,2026-07-22 04:59:59.999000+00:00,67451976.02,109536,501.48493,33277294.89,0
2026-07-22 05:00:00+00:00,66381.05,66381.05,65944.51,65974.9,732.84767,2026-07-22 05:59:59.999000+00:00,48437146.13,171550,278.77567,18424093.89,0
2026-07-22 06:00:00+00:00,65974.9,66026.93,65830.94,65934.33,677.13061,2026-07-22 06:59:59.999000+00:00,44639061.28,174021,333.31842,21974631.14,0
2026-07-22 07:00:00+00:00,65934.34,65968.9,65701,65843.48,1698.20928,2026-07-22 07:59:59.999000+00:00,111861204.2,212941,748.07771,49274321.98,0
2026-07-22 08:00:00+00:00,65843.48,66164.57,65843.47,65987.96,1762.03259,2026-07-22 08:59:59.999000+00:00,116302273.2,240865,906.58108,59838735.03,0
2026-07-22 09:00:00+00:00,65987.97,66082.5,65850,65928,1983.57551,2026-07-22 09:59:59.999000+00:00,130853039.2,352683,964.04639,63595456.34,0
2026-07-22 10:00:00+00:00,65928.01,66116.36,65898,66046.02,636.27622,2026-07-22 10:59:59.999000+00:00,41991692.06,59084,355.19012,23439993.9,0
2026-07-22 11:00:00+00:00,66046.01,66092.59,65909.16,66013.36,789.42664,2026-07-22 11:59:59.999000+00:00,52121211.34,59946,350.44654,23137298.28,0
2026-07-22 12:00:00+00:00,66013.36,66013.37,65553.67,65636.01,572.31956,2026-07-22 12:59:59.999000+00:00,37643161.34,88136,230.97887,15189878.02,0
2026-07-22 13:00:00+00:00,65636.01,65982.28,65559.66,65951.39,762.44551,2026-07-22 13:59:59.999000+00:00,50128481.4,177645,381.7874,25106378.99,0
2026-07-22 14:00:00+00:00,65951.38,66204.98,65588,65793.98,977.66799,2026-07-22 14:59:59.999000+00:00,64370253.87,220988,507.82559,33442272.14,0
2026-07-22 15:00:00+00:00,65793.98,66125,65793.98,66047.39,689.66439,2026-07-22 15:59:59.999000+00:00,45509300.11,175975,399.84955,26384059.65,0
2026-07-22 16:00:00+00:00,66047.38,66384,65911.6,66229.01,531.34681,2026-07-22 16:59:59.999000+00:00,35154988.68,148065,250.74712,16592231.73,0
2026-07-22 17:00:00+00:00,66229.01,66275.29,65944,66024.03,332.68865,2026-07-22 17:59:59.999000+00:00,21996004.09,104053,148.18655,9797454.728,0
2026-07-22 18:00:00+00:00,66024.02,66075.91,65726.08,65895.46,372.67709,2026-07-22 18:59:59.999000+00:00,24553586.77,97666,156.30905,10298665.18,0
2026-07-22 19:00:00+00:00,65895.46,65958.56,65691.93,65923.19,284.49057,2026-07-22 19:59:59.999000+00:00,18740263.1,78209,118.43739,7802325.766,0
2026-07-22 20:00:00+00:00,65923.19,65986,65791.79,65919.68,303.33342,2026-07-22 20:59:59.999000+00:00,19992838.26,75302,143.52943,9460097.559,0
2026-07-22 21:00:00+00:00,65919.67,66133.98,65892.64,66072.47,345.28683,2026-07-22 21:59:59.999000+00:00,22790833.89,55486,166.43056,10983875.05,0
2026-07-22 22:00:00+00:00,66072.48,66080.94,65932,66044.17,283.8249,2026-07-22 22:59:59.999000+00:00,18733779.73,61859,120.02718,7921998.444,0
2026-07-22 23:00:00+00:00,66044.17,66138.24,65844.3,66114.49,440.45434,2026-07-22 23:59:59.999000+00:00,29066401.47,65491,221.24943,14601615.18,0
2026-07-23 00:00:00+00:00,66114.5,66313.14,66054.58,66058.19,818.52742,2026-07-23 00:59:59.999000+00:00,54155763.28,101542,455.42556,30131822.74,0
2026-07-23 01:00:00+00:00,66058.2,66208,65751,65830,911.89269,2026-07-23 01:59:59.999000+00:00,60104629.36,116801,436.85739,28796722.05,0
2026-07-23 02:00:00+00:00,65830,65843.25,65653.23,65805.34,489.67764,2026-07-23 02:59:59.999000+00:00,32207820.23,89297,246.96764,16243081.98,0
2026-07-23 03:00:00+00:00,65805.35,65816,65585.11,65662.53,518.12407,2026-07-23 03:59:59.999000+00:00,34037699.49,83286,190.8358,12536267.5,0
2026-07-23 04:00:00+00:00,65662.53,65738.99,65590.12,65616.48,673.83221,2026-07-23 04:59:59.999000+00:00,44243082.66,71356,286.57201,18816040.63,0
2026-07-23 05:00:00+00:00,65616.49,65797.93,65570.12,65691.01,258.16071,2026-07-23 05:59:59.999000+00:00,16952660.21,60111,111.90581,7348569.347,0
2026-07-23 06:00:00+00:00,65691.01,65821.17,65625.2,65790,198.22051,2026-07-23 06:59:59.999000+00:00,13028058.06,54913,96.4148,6337284.564,0
2026-07-23 07:00:00+00:00,65790,65790,65351.02,65442.13,625.4986,2026-07-23 07:59:59.999000+00:00,40945991.68,127032,280.77924,18377061.59,0
2026-07-23 08:00:00+00:00,65442.12,65665.99,65419.75,65633,617.22753,2026-07-23 08:59:59.999000+00:00,40448552.08,70528,309.06305,20250113.57,0
2026-07-23 09:00:00+00:00,65632.99,65757.99,65608.18,65638.92,505.16907,2026-07-23 09:59:59.999000+00:00,33191579.98,68218,258.28435,16969582.76,0
2026-07-23 10:00:00+00:00,65638.92,65792.09,65589.69,65740,314.19369,2026-07-23 10:59:59.999000+00:00,20651864.16,57927,173.15418,11380423.01,0
2026-07-23 11:00:00+00:00,65740,65740.01,65540.93,65555.21,260.87827,2026-07-23 11:59:59.999000+00:00,17119333.52,66807,100.11351,6568771.537,0
2026-07-23 12:00:00+00:00,65555.21,65589.41,64988.05,65167.04,1080.21623,2026-07-23 12:59:59.999000+00:00,70489309.86,170313,427.76772,27922772.94,0
2026-07-23 13:00:00+00:00,65167.05,65221.29,64863.62,64880,1019.68548,2026-07-23 13:59:59.999000+00:00,66316158.36,257564,468.596,30479586.65,0
2026-07-23 14:00:00+00:00,64880,65216.24,64822.13,64909.99,1122.58373,2026-07-23 14:59:59.999000+00:00,72973729.7,222134,463.32341,30123654.48,0
2026-07-23 15:00:00+00:00,64910,65023.68,64728,64958.36,1087.45523,2026-07-23 15:59:59.999000+00:00,70551900.76,214968,509.31855,33047369.65,0
2026-07-23 16:00:00+00:00,64958.37,64961.15,64704.57,64756.84,823.97347,2026-07-23 16:59:59.999000+00:00,53400401.76,131588,334.72907,21690566.86,0
2026-07-23 17:00:00+00:00,64756.84,64900,64650,64681.27,610.54166,2026-07-23 17:59:59.999000+00:00,39562719.88,118553,345.37924,22381635.65,0
2026-07-23 18:00:00+00:00,64681.26,64948.05,64680,64869.12,473.57506,2026-07-23 18:59:59.999000+00:00,30686499.02,101825,260.91652,16906045.42,0
2026-07-23 19:00:00+00:00,64869.13,64934.75,64686.56,64846.94,525.37224,2026-07-23 19:59:59.999000+00:00,34052805.8,105509,236.41419,15324211.5,0
2026-07-23 20:00:00+00:00,64846.93,65217.93,64834.52,65147.5,435.69297,2026-07-23 20:59:59.999000+00:00,28358595.84,75790,299.3584,19487762.56,0
2026-07-23 21:00:00+00:00,65147.5,65210.35,65014,65169.81,348.6782,2026-07-23 21:59:59.999000+00:00,22704454.88,68545,215.6804,14042848.53,0
2026-07-23 22:00:00+00:00,65169.82,65227.99,65013.94,65195.43,465.02672,2026-07-23 22:59:59.999000+00:00,30302110.16,69112,263.172,17148483.8,0
2026-07-23 23:00:00+00:00,65195.43,65235.43,65052.01,65098.97,514.02333,2026-07-23 23:59:59.999000+00:00,33505486.73,53580,265.29545,17292291.73,0
2026-07-24 00:00:00+00:00,65098.98,65113.86,64762.18,64973.99,343.41298,2026-07-24 00:59:59.999000+00:00,22293397.52,84058,129.81999,8426348.334,0
2026-07-24 01:00:00+00:00,64974,65168,64944.37,65086,666.39562,2026-07-24 01:59:59.999000+00:00,43363410.77,96667,381.68436,24836465.11,0
2026-07-24 02:00:00+00:00,65086,65187.57,64925.45,65116.99,432.3739,2026-07-24 02:59:59.999000+00:00,28142630.89,80843,190.71358,12413512,0
2026-07-24 03:00:00+00:00,65116.99,65464.35,65078,65456.7,382.6998,2026-07-24 03:59:59.999000+00:00,24998991.59,91902,210.07461,13722108.37,0
2026-07-24 04:00:00+00:00,65456.7,65469.86,65272.26,65318,299.6958,2026-07-24 04:59:59.999000+00:00,19592772.72,62476,126.80876,8288149.239,0
2026-07-24 05:00:00+00:00,65318.01,65394,65248,65325,372.30415,2026-07-24 05:59:59.999000+00:00,24317849.92,48965,181.25615,11839492.09,0
2026-07-24 06:00:00+00:00,65325.01,65519.93,65278.07,65472,914.26438,2026-07-24 06:59:59.999000+00:00,59785493.22,77673,390.87561,25565679.06,0
2026-07-24 07:00:00+00:00,65472,65808.59,65320.69,65499.95,1219.60281,2026-07-24 07:59:59.999000+00:00,79958294.47,137947,561.37159,36812796.32,0
2026-07-24 08:00:00+00:00,65499.94,65508.17,65302.18,65302.18,306.26025,2026-07-24 08:59:59.999000+00:00,20034904.34,58326,170.22498,11135621.62,0
2026-07-24 09:00:00+00:00,65302.18,65314.66,64952.38,65113.13,478.93491,2026-07-24 09:59:59.999000+00:00,31169700.56,97330,269.49813,17536501.56,0
2026-07-24 10:00:00+00:00,65113.13,65157.99,64906.85,64950,716.12782,2026-07-24 10:59:59.999000+00:00,46552964.42,55339,438.38848,28496200.15,0
2026-07-24 11:00:00+00:00,64950.01,65099.99,64857.14,65083.43,751.17375,2026-07-24 11:59:59.999000+00:00,48825602.12,88288,382.70676,24874127.07,0
2026-07-24 12:00:00+00:00,65083.42,65133.99,64766,64780.01,507.45117,2026-07-24 12:59:59.999000+00:00,32961854.51,95073,203.58935,13225962.81,0
2026-07-24 13:00:00+00:00,64780,64802,63920.01,64155.46,2007.68582,2026-07-24 13:59:59.999000+00:00,129104720,281787,788.22142,50678367.79,0
2026-07-24 14:00:00+00:00,64155.47,64198.3,63739.75,64055.12,1591.08926,2026-07-24 14:59:59.999000+00:00,101681776.6,301812,778.6694,49766595.84,0
2026-07-24 15:00:00+00:00,64055.11,64333.33,63858,64093.85,1939.18979,2026-07-24 15:59:59.999000+00:00,124372547.2,238240,979.65769,62836087.46,0
2026-07-24 16:00:00+00:00,64093.86,64200,63881.46,63958,529.35925,2026-07-24 16:59:59.999000+00:00,33893566.23,115274,254.41795,16289402.92,0
2026-07-24 17:00:00+00:00,63958.01,64202.91,63905.51,64180,525.47557,2026-07-24 17:59:59.999000+00:00,33678098.47,101347,248.64802,15936495.3,0
2026-07-24 18:00:00+00:00,64180,64290.1,64129.75,64272,390.98725,2026-07-24 18:59:59.999000+00:00,25103008.3,68837,225.24313,14463098.44,0
2026-07-24 19:00:00+00:00,64272.01,64292.44,64141.18,64225.32,579.59462,2026-07-24 19:59:59.999000+00:00,37219446.19,89535,268.80626,17261732.53,0
2026-07-24 20:00:00+00:00,64225.32,64288.02,64128.89,64170.23,214.82759,2026-07-24 20:59:59.999000+00:00,13793686.14,46136,101.68095,6528980.531,0
2026-07-24 21:00:00+00:00,64170.24,64258.73,64122.29,64155,651.81342,2026-07-24 21:59:59.999000+00:00,41828439.17,63726,360.48448,23134033.08,0
2026-07-24 22:00:00+00:00,64155,64216.27,64121.86,64169.01,587.59798,2026-07-24 22:59:59.999000+00:00,37708911.19,40494,288.78415,18532397.2,0
2026-07-24 23:00:00+00:00,64169.01,64187.4,64134.71,64139.99,412.95391,2026-07-24 23:59:59.999000+00:00,26497342.7,45616,201.59706,12935489.19,0
2026-07-25 00:00:00+00:00,64140,64179.03,64033.18,64073.61,386.54772,2026-07-25 00:59:59.999000+00:00,24787918.62,40034,156.01559,10005479.14,0
2026-07-25 01:00:00+00:00,64073.61,64160,64006.55,64068.01,493.07694,2026-07-25 01:59:59.999000+00:00,31596317.36,51288,296.31588,18987292.17,0
2026-07-25 02:00:00+00:00,64068,64099.99,64017.87,64052,479.58839,2026-07-25 02:59:59.999000+00:00,30715835.49,33813,238.38469,15267879.12,0
2026-07-25 03:00:00+00:00,64052.01,64105.61,64016.65,64085.36,469.51581,2026-07-25 03:59:59.999000+00:00,30073708.63,37030,264.55376,16946572.35,0
2026-07-25 04:00:00+00:00,64085.36,64205.67,64085.15,64181.46,171.38031,2026-07-25 04:59:59.999000+00:00,10992292,32769,107.64419,6904717.258,0
2026-07-25 05:00:00+00:00,64181.45,64199.76,63980.01,64024,245.62438,2026-07-25 05:59:59.999000+00:00,15740190.79,33518,96.47787,6183581.778,0
2026-07-25 06:00:00+00:00,64024,64063.37,63964.57,64010,248.54758,2026-07-25 06:59:59.999000+00:00,15908724.87,44520,108.02015,6914177.25,0
2026-07-25 07:00:00+00:00,64010,64038.52,64000,64003.2,408.36611,2026-07-25 07:59:59.999000+00:00,26144644.92,40124,191.35277,12250641.83,0
2026-07-25 08:00:00+00:00,64003.2,64010.01,63810,63876.06,507.52898,2026-07-25 08:59:59.999000+00:00,32444882,61803,232.07014,14838119.39,0
2026-07-25 09:00:00+00:00,63876.07,64024.72,63830,63999.99,1813.6121,2026-07-25 09:59:59.999000+00:00,115947962.2,117858,918.60235,58727395.73,0
2026-07-25 10:00:00+00:00,64000,64070,63996,64070,200.57959,2026-07-25 10:59:59.999000+00:00,12842699.63,29050,133.64299,8556941.785,0
2026-07-25 11:00:00+00:00,64069.99,64113,64047.09,64064.01,226.46632,2026-07-25 11:59:59.999000+00:00,14510694.28,31689,160.27698,10269610.06,0
2026-07-25 12:00:00+00:00,64064.01,64123.8,64043,64123.8,179.4102,2026-07-25 12:59:59.999000+00:00,11495368.74,25201,131.18503,8405195.208,0
2026-07-25 13:00:00+00:00,64123.8,64267.78,64106.74,64172,285.46591,2026-07-25 13:59:59.999000+00:00,18320305.29,42993,190.77595,12242433.75,0
2026-07-25 14:00:00+00:00,64172.01,64217.09,64126,64214.04,270.20323,2026-07-25 14:59:59.999000+00:00,17338886.79,38844,200.70657,12878967.03,0
2026-07-25 15:00:00+00:00,64214.05,64272,64169.99,64182,193.98029,2026-07-25 15:59:59.999000+00:00,12456622.2,41628,114.608,7359930.464,0
2026-07-25 16:00:00+00:00,64182.01,64241.71,64123,64206.6,126.61028,2026-07-25 16:59:59.999000+00:00,8125884.955,35478,50.01854,3210139.976,0
2026-07-25 17:00:00+00:00,64206.61,64356,64194.37,64267.4,187.81706,2026-07-25 17:59:59.999000+00:00,12070609.82,43641,111.44653,7162535.814,0
2026-07-25 18:00:00+00:00,64267.41,64475.28,64267.41,64415.99,314.52068,2026-07-25 18:59:59.999000+00:00,20255218.26,63602,220.1896,14181073.02,0
2026-07-25 19:00:00+00:00,64415.99,64438.12,64388.38,64388.38,219.4973,2026-07-25 19:59:59.999000+00:00,14138733.79,29584,86.42949,5567392.392,0
2026-07-25 20:00:00+00:00,64388.39,64392.74,64313,64339.75,213.90166,2026-07-25 20:59:59.999000+00:00,13766401.4,31434,122.49595,7883263.749,0
2026-07-25 21:00:00+00:00,64339.75,64430,64263.03,64344.02,177.06463,2026-07-25 21:59:59.999000+00:00,11393594.8,36650,63.5918,4090955.202,0
2026-07-25 22:00:00+00:00,64344.02,64426,64344.01,64412,625.93723,2026-07-25 22:59:59.999000+00:00,40308245.98,39024,236.38268,15221529.53,0
2026-07-25 23:00:00+00:00,64412.01,64429.38,64363,64375,417.8076,2026-07-25 23:59:59.999000+00:00,26906313.3,23763,190.30745,12255833.94,0
2026-07-26 00:00:00+00:00,64375.01,64507,64350,64506.99,256.73658,2026-07-26 00:59:59.999000+00:00,16543427.97,40156,179.85928,11589716.41,0
2026-07-26 01:00:00+00:00,64506.99,64541.66,64456.67,64462,277.18148,2026-07-26 01:59:59.999000+00:00,17872218.45,41762,132.73716,8558396.968,0
2026-07-26 02:00:00+00:00,64462,64527.59,64427.59,64527.56,117.0226,2026-07-26 02:59:59.999000+00:00,7543722.895,25516,52.66136,3394571.994,0
2026-07-26 03:00:00+00:00,64527.57,64582,64488.73,64557,304.96319,2026-07-26 03:59:59.999000+00:00,19682386.26,35083,190.43815,12290418.49,0
2026-07-26 04:00:00+00:00,64557,64599.95,64491.73,64530.06,425.16453,2026-07-26 04:59:59.999000+00:00,27442007.61,34104,153.52402,9908207.338,0
2026-07-26 05:00:00+00:00,64530.06,64530.07,64403.95,64417.69,131.14508,2026-07-26 05:59:59.999000+00:00,8455231.471,30073,56.34574,3632651.11,0
2026-07-26 06:00:00+00:00,64417.68,64457.55,64293.81,64438,408.23581,2026-07-26 06:59:59.999000+00:00,26283880.99,34947,164.22506,10573293.43,0
2026-07-26 07:00:00+00:00,64438.01,64460,64341.99,64370,273.49735,2026-07-26 07:59:59.999000+00:00,17607606.26,30062,149.98133,9655357.594,0
2026-07-26 08:00:00+00:00,64370,64493.99,64353,64480.01,204.14991,2026-07-26 08:59:59.999000+00:00,13148267.48,32359,95.32458,6140511.498,0
2026-07-26 09:00:00+00:00,64480.02,64549.02,64478.38,64538,164.82486,2026-07-26 09:59:59.999000+00:00,10634767.52,26386,86.78158,5599091.797,0
2026-07-26 10:00:00+00:00,64538.01,64573.73,64497.62,64515.4,137.0474,2026-07-26 10:59:59.999000+00:00,8843018.926,27304,77.91995,5027535,0
2026-07-26 11:00:00+00:00,64515.39,64535.99,64495.17,64507.35,174.84399,2026-07-26 11:59:59.999000+00:00,11279560.9,26828,86.58179,5585519.363,0
2026-07-26 12:00:00+00:00,64507.36,64662.99,64434,64466.67,319.29329,2026-07-26 12:59:59.999000+00:00,20613879.39,53713,203.44644,13135615.13,0
2026-07-26 13:00:00+00:00,64466.68,64571.42,64414,64518,319.1541,2026-07-26 13:59:59.999000+00:00,20585758.72,42136,163.57915,10550200.24,0
2026-07-26 14:00:00+00:00,64517.99,64768.23,64517.99,64712.99,504.24215,2026-07-26 14:59:59.999000+00:00,32611384.65,86836,301.39848,19490734.54,0
2026-07-26 15:00:00+00:00,64713,64827,64673.42,64768,313.86895,2026-07-26 15:59:59.999000+00:00,20326120.81,64035,169.92212,11004228.74,0
2026-07-26 16:00:00+00:00,64768,64940.51,64703.23,64734.17,420.05042,2026-07-26 16:59:59.999000+00:00,27222221.06,63543,208.06396,13486577.57,0
2026-07-26 17:00:00+00:00,64734.17,64794.45,64668.91,64697.2,347.81315,2026-07-26 17:59:59.999000+00:00,22509372.7,40944,160.74323,10403013.06,0
2026-07-26 18:00:00+00:00,64697.21,64769.99,64668.91,64734.38,114.76281,2026-07-26 18:59:59.999000+00:00,7425216.505,27857,51.12658,3307840.111,0
2026-07-26 19:00:00+00:00,64734.39,64753,64671.91,64695.52,369.55718,2026-07-26 19:59:59.999000+00:00,23913562,30675,178.02445,11519736.19,0
2026-07-26 20:00:00+00:00,64695.52,64703.36,64631.57,64649.04,120.01782,2026-07-26 20:59:59.999000+00:00,7761146.609,23192,36.04374,2330826.28,0
2026-07-26 21:00:00+00:00,64649.04,64924,64649.03,64858.02,268.26505,2026-07-26 21:59:59.999000+00:00,17385342.81,58967,135.49976,8781326.583,0
2026-07-26 22:00:00+00:00,64858.03,65502.6,64858.03,65412.68,1331.07392,2026-07-26 22:59:59.999000+00:00,86910581.03,149004,731.94431,47793167.02,0
2026-07-26 23:00:00+00:00,65412.69,65577,65273.76,65399.99,630.14927,2026-07-26 23:59:59.999000+00:00,41233414.45,112541,325.30749,21288809.17,0
2026-07-27 00:00:00+00:00,65400,65418.81,65065.46,65131.95,465.77387,2026-07-27 00:59:59.999000+00:00,30365307.75,118489,213.41398,13912910.61,0
2026-07-27 01:00:00+00:00,65131.96,65225.75,64892.03,65206.21,478.78723,2026-07-27 01:59:59.999000+00:00,31152880.05,113071,205.66144,13387814.02,0
2026-07-27 02:00:00+00:00,65206.21,65281.64,65118.08,65172,475.81825,2026-07-27 02:59:59.999000+00:00,31025994.1,87255,189.71473,12370526.94,0
2026-07-27 03:00:00+00:00,65172.02,65367.73,65161.99,65284,519.18282,2026-07-27 03:59:59.999000+00:00,33875124.68,72663,270.3072,17632686.42,0
2026-07-27 04:00:00+00:00,65284,65500,65242.69,65282.8,331.55981,2026-07-27 04:59:59.999000+00:00,21668771.41,79553,101.10415,6607905.348,0
2026-07-27 05:00:00+00:00,65282.81,65493.38,65282.8,65468.38,284.79372,2026-07-27 05:59:59.999000+00:00,18621372.53,66699,130.2359,8515690.993,0
2026-07-27 06:00:00+00:00,65468.38,65744.6,65404.9,65416.76,867.3473,2026-07-27 06:59:59.999000+00:00,56853588.54,133867,364.39527,23887052.51,0
2026-07-27 07:00:00+00:00,65416.77,65447.02,65217.16,65221.99,1066.09119,2026-07-27 07:59:59.999000+00:00,69664799.8,113482,379.48242,24799261.27,0
2026-07-27 08:00:00+00:00,65221.99,65258,65128.85,65162.98,724.97518,2026-07-27 08:59:59.999000+00:00,47269914.29,93395,332.29177,21666306.22,0
2026-07-27 09:00:00+00:00,65162.98,65348.17,65100,65262.17,1478.16072,2026-07-27 09:59:59.999000+00:00,96429205.03,84801,724.51322,47266085.01,0
2026-07-27 10:00:00+00:00,65262.18,65432,65230.01,65333.35,412.29993,2026-07-27 10:59:59.999000+00:00,26929198.68,56592,248.56554,16236546.05,0
2026-07-27 11:00:00+00:00,65333.35,65333.36,65092,65100.79,287.15002,2026-07-27 11:59:59.999000+00:00,18723368.91,64359,117.27154,7646256.289,0
2026-07-27 12:00:00+00:00,65100.79,65255.76,64836,65086,587.73231,2026-07-27 12:59:59.999000+00:00,38224988.85,112418,304.64848,19817174.24,0
2026-07-27 13:00:00+00:00,65086,65718,64913.12,65217.37,1076.54142,2026-07-27 13:59:59.999000+00:00,70345351.85,253818,583.60766,38145363.95,0
2026-07-27 14:00:00+00:00,65217.38,65431.9,64459.82,64687.45,1132.47674,2026-07-27 14:59:59.999000+00:00,73445792.44,363218,456.37693,29602521.21,0
2026-07-27 15:00:00+00:00,64687.45,64776,64418.01,64554.01,596.28993,2026-07-27 15:59:59.999000+00:00,38529494.16,193632,256.16212,16550760.89,0
2026-07-27 16:00:00+00:00,64554,64970.93,64517.78,64898.52,473.37301,2026-07-27 16:59:59.999000+00:00,30645080.25,138892,264.02489,17092302.9,0
2026-07-27 17:00:00+00:00,64898.53,65090,64794.37,65019.81,404.49207,2026-07-27 17:59:59.999000+00:00,26282519.3,106137,217.3184,14119188.71,0
2026-07-27 18:00:00+00:00,65019.81,65058.32,64755.67,64878,323.26344,2026-07-27 18:59:59.999000+00:00,20971108.04,103751,145.95784,9466682.306,0
2026-07-27 19:00:00+00:00,64878,65078,64810.9,64984,291.82434,2026-07-27 19:59:59.999000+00:00,18961076.95,87379,156.05001,10138707.46,0
2026-07-27 20:00:00+00:00,64983.99,65056,64908.01,64960.65,197.69959,2026-07-27 20:59:59.999000+00:00,12842807.18,41029,62.04882,4031260.324,0
2026-07-27 21:00:00+00:00,64960.64,64960.65,64790.28,64821.25,238.07403,2026-07-27 21:59:59.999000+00:00,15443505.14,48757,103.87588,6736425.109,0
2026-07-27 22:00:00+00:00,64821.26,64821.26,63792,63792,1130.54656,2026-07-27 22:59:59.999000+00:00,72611677.04,175125,369.70721,23762871.28,0
2026-07-27 23:00:00+00:00,63792.01,63940.27,63605.56,63755.86,947.65195,2026-07-27 23:59:59.999000+00:00,60428271.03,213254,498.09388,31764522.27,0
2026-07-28 00:00:00+00:00,63755.86,63827.49,63469.3,63487.88,711.04544,2026-07-28 00:59:59.999000+00:00,45241409.08,169433,303.26088,19298657.53,0
2026-07-28 01:00:00+00:00,63487.88,63529.89,63059.39,63230.83,1245.20979,2026-07-28 01:59:59.999000+00:00,78745932.61,169082,620.19327,39220621.76,0
2026-07-28 02:00:00+00:00,63230.82,63305.94,63108,63185.59,429.21894,2026-07-28 02:59:59.999000+00:00,27129510.06,74778,213.95033,13523218.15,0
2026-07-28 03:00:00+00:00,63185.59,63375.39,63168.01,63343.83,728.50056,2026-07-28 03:59:59.999000+00:00,46106242.62,82200,330.28478,20904998.74,0
2026-07-28 04:00:00+00:00,63343.82,63361.85,63221.26,63350.95,343.17382,2026-07-28 04:59:59.999000+00:00,21729082.89,54774,178.53281,11305019.5,0
2026-07-28 05:00:00+00:00,63350.95,63623.5,63323.09,63451.61,390.51839,2026-07-28 05:59:59.999000+00:00,24795787.4,79485,211.75472,13446072.25,0
2026-07-28 06:00:00+00:00,63451.62,63660.72,63395.13,63640.63,460.72288,2026-07-28 06:59:59.999000+00:00,29268533.94,65849,315.55427,20050054.73,0
2026-07-28 07:00:00+00:00,63640.63,63668.71,63455.58,63505.99,985.9853,2026-07-28 07:59:59.999000+00:00,62663727.75,102783,575.99487,36608751.54,0
2026-07-28 08:00:00+00:00,63506,63546.36,63406.11,63428.08,281.48766,2026-07-28 08:59:59.999000+00:00,17868113.21,61732,124.63225,7911070.818,0
2026-07-28 09:00:00+00:00,63428.07,63581.33,63368.81,63393.99,315.43759,2026-07-28 09:59:59.999000+00:00,20022638.86,53286,152.92505,9707550.374,0
2026-07-28 10:00:00+00:00,63393.99,63555.18,63294,63473.47,416.0357,2026-07-28 10:59:59.999000+00:00,26384422.87,68585,257.37121,16323872.48,0
2026-07-28 11:00:00+00:00,63473.48,63593,63352,63450,405.45329,2026-07-28 11:59:59.999000+00:00,25731573.53,88650,176.62162,11209853.7,0
2026-07-28 12:00:00+00:00,63449.99,63570,63364.96,63546.65,440.98415,2026-07-28 12:59:59.999000+00:00,27987616.26,81903,248.39028,15764611.6,0
2026-07-28 13:00:00+00:00,63546.65,63588,62742.47,63104,1615.91422,2026-07-28 13:59:59.999000+00:00,102019854,246058,638.54288,40323682.61,0
2026-07-28 14:00:00+00:00,63104,63550,62965.38,63412.45,868.98588,2026-07-28 14:59:59.999000+00:00,54962514.33,245995,480.90204,30425321.41,0
2026-07-28 15:00:00+00:00,63412.45,64026.62,63269.28,63928.47,945.11572,2026-07-28 15:59:59.999000+00:00,60224851.11,255294,564.49248,35984328.16,0
2026-07-28 16:00:00+00:00,63928.46,64100,63773.65,64043.26,517.94749,2026-07-28 16:59:59.999000+00:00,33105842.9,127746,277.68802,17751064.61,0
2026-07-28 17:00:00+00:00,64043.27,64043.27,63504,63685.88,527.24876,2026-07-28 17:59:59.999000+00:00,33585040.76,136751,254.46516,16206821.88,0
2026-07-28 18:00:00+00:00,63685.88,63849.09,63672.26,63734.49,311.5129,2026-07-28 18:59:59.999000+00:00,19853993.46,91738,153.50064,9783852.45,0
2026-07-28 19:00:00+00:00,63734.49,63904,63675.93,63904,333.27009,2026-07-28 19:59:59.999000+00:00,21260730.79,92728,168.45659,10746690.08,0
2026-07-28 20:00:00+00:00,63904,64018.39,63880,63917.55,300.22119,2026-07-28 20:59:59.999000+00:00,19193188.96,72588,185.67746,11870184.73,0
2026-07-28 21:00:00+00:00,63917.55,64073.3,63892,63972.44,227.23863,2026-07-28 21:59:59.999000+00:00,14540050.34,66729,127.38966,8151264.999,0
2026-07-28 22:00:00+00:00,63972.44,64020.76,63768.47,63783.71,319.67019,2026-07-28 22:59:59.999000+00:00,20427190.46,87736,145.09065,9271189.614,0
2026-07-28 23:00:00+00:00,63783.72,63956.4,63562,63915,768.93138,2026-07-28 23:59:59.999000+00:00,49053656.3,104040,364.35638,23243668.15,0
2026-07-29 00:00:00+00:00,63915,64200,63873.54,63953.99,862.01004,2026-07-29 00:59:59.999000+00:00,55179732.52,139010,557.49331,35684734.77,0
2026-07-29 01:00:00+00:00,63954,63999,63690,63705.06,643.74129,2026-07-29 01:59:59.999000+00:00,41114119.76,144717,354.42492,22635964.92,0
2026-07-29 02:00:00+00:00,63705.07,64132.42,63658,63979.96,459.75103,2026-07-29 02:59:59.999000+00:00,29385438.7,136780,244.41851,15620463.45,0
2026-07-29 03:00:00+00:00,63979.96,64002,63710,63753.03,381.54189,2026-07-29 03:59:59.999000+00:00,24346229.95,110033,203.01962,12952163.86,0
2026-07-29 04:00:00+00:00,63753.04,63970.92,63598,63968.34,635.48596,2026-07-29 04:59:59.999000+00:00,40556953.29,132658,334.67517,21359430.69,0
2026-07-29 05:00:00+00:00,63968.34,64094.2,63890.07,64067.32,612.17163,2026-07-29 05:59:59.999000+00:00,39162949.83,104239,300.03805,19194255.26,0
2026-07-29 06:00:00+00:00,64067.32,64471,64026.64,64435.62,959.62083,2026-07-29 06:59:59.999000+00:00,61706872.78,126527,563.90346,36278831.51,0
2026-07-29 07:00:00+00:00,64435.63,64575.99,64402.67,64561,512.31101,2026-07-29 07:59:59.999000+00:00,33032632.19,76908,272.67641,17581263.05,0
2026-07-29 08:00:00+00:00,64561.01,64588,64283.83,64417.31,442.88681,2026-07-29 08:59:59.999000+00:00,28528633.19,74311,206.67729,13312127.73,0
2026-07-29 09:00:00+00:00,64417.31,64744.81,64386.94,64698,689.93306,2026-07-29 09:59:59.999000+00:00,44544483.74,98196,426.49389,27537952.26,0
2026-07-29 10:00:00+00:00,64698.01,64718,64410.24,64469.83,337.46395,2026-07-29 10:59:59.999000+00:00,21803515.15,71737,144.30942,9323971.186,0
2026-07-29 11:00:00+00:00,64469.84,64591.73,64422.5,64507.54,317.77588,2026-07-29 11:59:59.999000+00:00,20492529.41,59495,177.55825,11450171.6,0
2026-07-29 12:00:00+00:00,64507.53,64507.54,64215.93,64276.81,475.5158,2026-07-29 12:59:59.999000+00:00,30602231.13,105010,182.36522,11737312.38,0
2026-07-29 13:00:00+00:00,64276.82,64667.18,64139.68,64664.7,795.5697,2026-07-29 13:59:59.999000+00:00,51203140.79,234056,407.25947,26218098.32,0
2026-07-29 14:00:00+00:00,64664.69,64718.87,64047.71,64108.01,736.50705,2026-07-29 14:59:59.999000+00:00,47349376.86,271295,325.79052,20946683.49,0
2026-07-29 15:00:00+00:00,64108.01,64195,63886,63964.01,727.70384,2026-07-29 15:59:59.999000+00:00,46608956.13,203275,332.65408,21307333,0
2026-07-29 16:00:00+00:00,63964.01,64146.53,63624.15,63808.33,758.02868,2026-07-29 16:59:59.999000+00:00,48411436.55,182815,412.43381,26342912.09,0
2026-07-29 17:00:00+00:00,63808.33,64286.71,63709.19,64269.83,486.13508,2026-07-29 17:59:59.999000+00:00,31069872.23,147093,317.036,20262512.37,0
2026-07-29 18:00:00+00:00,64269.83,64648.79,63758,64501.52,1896.70634,2026-07-29 18:59:59.999000+00:00,122031915,352484,970.30799,62433411.07,0
2026-07-29 19:00:00+00:00,64501.52,64600,63511,63589.46,1453.05091,2026-07-29 19:59:59.999000+00:00,93053835.44,306133,743.02422,47588232.61,0
2026-07-29 20:00:00+00:00,63589.46,63746.42,63378.09,63522.01,788.59239,2026-07-29 20:59:59.999000+00:00,50121057.26,191587,458.88287,29169491.84,0
2026-07-29 21:00:00+00:00,63522.01,63860,63267.34,63860,771.02443,2026-07-29 21:59:59.999000+00:00,48985301.39,148596,424.35431,26961513.87,0
2026-07-29 22:00:00+00:00,63860,64131.44,63859.99,63942.5,704.70887,2026-07-29 22:59:59.999000+00:00,45101067.04,120940,403.40017,25818347.43,0
2026-07-29 23:00:00+00:00,63942.5,64067.12,63899,63984.28,331.88265,2026-07-29 23:59:59.999000+00:00,21232627.33,77399,168.42067,10774818.04,0
2026-07-30 00:00:00+00:00,63984.29,64125.61,63603.92,63696.72,649.94769,2026-07-30 00:59:59.999000+00:00,41546653.68,108300,375.00353,23982321.99,0
2026-07-30 01:00:00+00:00,63696.73,64370,63690,64266,686.07285,2026-07-30 01:59:59.999000+00:00,43901624.17,139847,426.85223,27321367.31,0
2026-07-30 02:00:00+00:00,64266.01,64411.76,64159.63,64189.99,575.1734,2026-07-30 02:59:59.999000+00:00,36982844.8,122325,248.46096,15979314.63,0
2026-07-30 03:00:00+00:00,64190,64300.91,64133.99,64161.98,422.8264,2026-07-30 03:59:59.999000+00:00,27143039.64,100176,228.01589,14635547.31,0
2026-07-30 04:00:00+00:00,64161.98,64180,64008.5,64023.99,927.45873,2026-07-30 04:59:59.999000+00:00,59457256.7,99053,515.3126,33034173.7,0
2026-07-30 05:00:00+00:00,64024,64182,63907.85,64033.89,766.12333,2026-07-30 05:59:59.999000+00:00,49037445.95,145878,345.07237,22086579.23,0
2026-07-30 06:00:00+00:00,64033.9,64080,63957.2,64002,642.99866,2026-07-30 06:59:59.999000+00:00,41154370.84,179035,370.01796,23681734.88,0
2026-07-30 07:00:00+00:00,64001.99,64144.06,63943.29,64026,710.04842,2026-07-30 07:59:59.999000+00:00,45459379.84,189409,426.84462,27324691.89,0
2026-07-30 08:00:00+00:00,64026,64358.99,63980.54,64308.01,1143.21426,2026-07-30 08:59:59.999000+00:00,73393043.16,348337,496.82672,31899673.68,0
2026-07-30 09:00:00+00:00,64308.01,64641.37,64283.8,64567.56,2560.14823,2026-07-30 09:59:59.999000+00:00,165071813.3,537268,1237.16525,79771346.82,0
2026-07-30 10:00:00+00:00,64567.55,64631.99,64562,64570.72,459.04462,2026-07-30 10:59:59.999000+00:00,29652681.33,44328,198.03619,12792686.69,0
2026-07-30 11:00:00+00:00,64570.72,64885.18,64542.73,64788,630.38864,2026-07-30 11:59:59.999000+00:00,40774811.4,70708,378.32617,24470931.44,0
2026-07-30 12:00:00+00:00,64788.01,65043.94,64788,64925,819.62205,2026-07-30 12:59:59.999000+00:00,53211683.52,105206,537.01963,34867729.68,0
2026-07-30 13:00:00+00:00,64925,65176.6,64689.02,65022.01,1173.19736,2026-07-30 13:59:59.999000+00:00,76193363.43,164040,653.27543,42422099.05,0
2026-07-30 14:00:00+00:00,65022,65042,64620,64683.97,1065.79722,2026-07-30 14:59:59.999000+00:00,69063725.5,165251,414.12736,26837089.99,0
2026-07-30 15:00:00+00:00,64683.97,64888,64607.31,64730.3,678.51535,2026-07-30 15:59:59.999000+00:00,43922274.11,134170,399.88608,25887207.02,0
2026-07-30 16:00:00+00:00,64730.29,64963.64,64729.56,64818.01,615.24584,2026-07-30 16:59:59.999000+00:00,39896084.25,93664,408.65818,26496557.85,0
2026-07-30 17:00:00+00:00,64818.01,64988,64772,64872,452.4677,2026-07-30 17:59:59.999000+00:00,29354228.33,83965,272.68085,17687842.17,0
2026-07-30 18:00:00+00:00,64871.99,64899.8,64688,64702.8,263.9882,2026-07-30 18:59:59.999000+00:00,17101246.05,52155,106.42514,6894673.806,0
2026-07-30 19:00:00+00:00,64702.8,64904,64702.79,64800,356.88836,2026-07-30 19:59:59.999000+00:00,23136198.31,69409,202.25911,13111503.63,0
2026-07-30 20:00:00+00:00,64800,64936,64752.12,64777.37,330.42092,2026-07-30 20:59:59.999000+00:00,21422284.68,71171,160.25962,10389933.01,0
2026-07-30 21:00:00+00:00,64777.38,64802.48,64700.34,64735.53,227.76045,2026-07-30 21:59:59.999000+00:00,14749644.27,51281,114.60749,7421795.713,0
2026-07-30 22:00:00+00:00,64735.53,65029.29,64668.91,64851.16,482.45748,2026-07-30 22:59:59.999000+00:00,31312073.61,88714,251.07775,16299199.89,0
2026-07-30 23:00:00+00:00,64851.16,65086.4,64740,64780.02,491.7787,2026-07-30 23:59:59.999000+00:00,31918986.06,83001,229.98107,14930533.63,0
2026-07-31 00:00:00+00:00,64780.03,64901.55,64690.29,64724.91,660.4309,2026-07-31 00:59:59.999000+00:00,42778507.25,82455,245.85768,15924568.58,0
2026-07-31 01:00:00+00:00,64724.92,65409.56,64480.44,64564.01,1217.00276,2026-07-31 01:59:59.999000+00:00,79158381.63,244904,662.82777,43127840.23,0
2026-07-31 02:00:00+00:00,64564,64614,64203.58,64297.79,855.65776,2026-07-31 02:59:59.999000+00:00,55072723.99,147433,337.9394,21759996.82,0
2026-07-31 03:00:00+00:00,64297.79,64439.81,64172,64370,548.04563,2026-07-31 03:59:59.999000+00:00,35256750.11,101285,354.23619,22790885.88,0
2026-07-31 04:00:00+00:00,64370,64438,64236,64300,391.13431,2026-07-31 04:59:59.999000+00:00,25164111.25,68466,190.96662,12286903.54,0
2026-07-31 05:00:00+00:00,64299.99,64421.68,64268.47,64363.06,529.40293,2026-07-31 05:59:59.999000+00:00,34067619.69,63559,349.08853,22465875.08,0
2026-07-31 06:00:00+00:00,64363.06,64496.64,64196.08,64231.97,503.77566,2026-07-31 06:59:59.999000+00:00,32409008.77,77483,258.3495,16625589.65,0
2026-07-31 07:00:00+00:00,64231.97,64245.57,63878.11,63950.01,3088.95651,2026-07-31 07:59:59.999000+00:00,197689139.1,141261,935.44,59872403.84,0
2026-07-31 08:00:00+00:00,63950.01,63987.36,63784.67,63834.01,734.18718,2026-07-31 08:59:59.999000+00:00,46907579.95,81891,395.32176,25262856.01,0
2026-07-31 09:00:00+00:00,63834.01,63847.13,63638.18,63715.9,562.33026,2026-07-31 09:59:59.999000+00:00,35844066.23,84427,286.55146,18268466.73,0
2026-07-31 10:00:00+00:00,63715.91,63951.77,63610,63918.67,422.39058,2026-07-31 10:59:59.999000+00:00,26951085.78,63216,268.28461,17120297.58,0
2026-07-31 11:00:00+00:00,63918.68,64011.99,63792.01,63805.51,287.14604,2026-07-31 11:59:59.999000+00:00,18347695.56,56147,161.36799,10311371.99,0
2026-07-31 12:00:00+00:00,63805.5,63830.62,63627.66,63754.01,516.25828,2026-07-31 12:59:59.999000+00:00,32892587.76,81150,227.08958,14471081.46,0
2026-07-31 13:00:00+00:00,63754.01,63849.19,63241.71,63270.73,1511.53534,2026-07-31 13:59:59.999000+00:00,96101953.16,217111,706.78333,44958420.71,0
2026-07-31 14:00:00+00:00,63270.72,63310,62466,62682.06,3628.40429,2026-07-31 14:59:59.999000+00:00,227557237.9,446552,1612.5997,101111495.5,0
2026-07-31 15:00:00+00:00,62682.05,62769.36,62490.24,62716.57,965.95557,2026-07-31 15:59:59.999000+00:00,60506519.47,167164,530.7781,33249270.9,0
2026-07-31 16:00:00+00:00,62716.57,62931.79,62709.01,62870.88,857.24803,2026-07-31 16:59:59.999000+00:00,53881173.15,135854,406.89277,25570898.36,0
2026-07-31 17:00:00+00:00,62870.87,63301.68,62800,63245.44,856.72938,2026-07-31 17:59:59.999000+00:00,54004836.39,119959,563.0499,35504050.46,0
2026-07-31 18:00:00+00:00,63245.44,63302,62966,63097.57,753.45664,2026-07-31 18:59:59.999000+00:00,47563326.8,95063,419.65432,26496164.95,0
2026-07-31 19:00:00+00:00,63097.57,63158,62936.29,62972,304.88916,2026-07-31 19:59:59.999000+00:00,19212855.82,71207,159.90572,10076258.28,0
2026-07-31 20:00:00+00:00,62972,63034,62928.35,62953.7,318.42027,2026-07-31 20:59:59.999000+00:00,20055492.89,59333,164.89602,10385634.52,0
2026-07-31 21:00:00+00:00,62953.7,63062.47,62846,62947.78,334.75985,2026-07-31 21:59:59.999000+00:00,21089274.9,64578,162.00917,10206659.08,0
2026-07-31 22:00:00+00:00,62947.77,63020,62870.01,62950,440.99494,2026-07-31 22:59:59.999000+00:00,27769801.34,40268,197.08695,12408784.19,0
2026-07-31 23:00:00+00:00,62950.01,63013.52,62860.64,62887.88,186.49459,2026-07-31 23:59:59.999000+00:00,11741452.03,29472,62.58436,3939753.101,0
2026-08-01 00:00:00+00:00,62887.88,63024.04,62887.87,62938.01,517.26897,2026-08-01 00:59:59.999000+00:00,32568037.48,40193,232.52413,14639741.96,0
2026-08-01 01:00:00+00:00,62938.01,62990,62923.47,62975.01,386.71985,2026-08-01 01:59:59.999000+00:00,24346150.06,31117,205.57839,12942276.47,0
2026-08-01 02:00:00+00:00,62975,63106.55,62975,63075.07,348.67082,2026-08-01 02:59:59.999000+00:00,21989884.47,24323,234.85866,14811567.02,0
2026-08-01 03:00:00+00:00,63075.08,63075.08,62970.65,63004.48,388.95582,2026-08-01 03:59:59.999000+00:00,24507635.72,28652,134.25751,8458412.581,0
2026-08-01 04:00:00+00:00,63004.47,63115.37,62993.2,63115.01,223.92941,2026-08-01 04:59:59.999000+00:00,14122116.06,17152,125.69048,7925924.084,0
2026-08-01 05:00:00+00:00,63115,63142.85,63000.85,63020,458.27671,2026-08-01 05:59:59.999000+00:00,28905726.12,25770,247.9935,15642571.1,0
2026-08-01 06:00:00+00:00,63020,63086.65,62992.82,63080.64,434.87477,2026-08-01 06:59:59.999000+00:00,27419110.98,23346,225.99575,14250340.7,0
2026-08-01 07:00:00+00:00,63080.65,63110.89,63034,63050.46,150.69173,2026-08-01 07:59:59.999000+00:00,9503283.68,19514,62.00012,3910029.13,0
2026-08-01 08:00:00+00:00,63050.45,63150,63050.45,63126.25,106.02817,2026-08-01 08:59:59.999000+00:00,6690687.749,14521,56.05835,3537044.711,0
2026-08-01 09:00:00+00:00,63126.25,63139.54,63046.33,63053.17,228.45152,2026-08-01 09:59:59.999000+00:00,14416933.8,24467,98.00398,6184867.817,0
2026-08-01 10:00:00+00:00,63053.17,63111.09,62986.31,63056,321.04349,2026-08-01 10:59:59.999000+00:00,20239148.11,31816,138.75706,8747260.192,0
2026-08-01 11:00:00+00:00,63055.99,63091.97,63037.72,63076,179.08594,2026-08-01 11:59:59.999000+00:00,11293725.49,15389,97.55974,6151966.599,0
2026-08-01 12:00:00+00:00,63076,63119.4,63076,63103.68,320.18632,2026-08-01 12:59:59.999000+00:00,20203492.47,18966,223.72909,14116740.86,0
2026-08-01 13:00:00+00:00,63103.68,63106.83,63051,63069.32,187.46878,2026-08-01 13:59:59.999000+00:00,11826406.28,15828,98.81937,6233870.811,0
2026-08-01 14:00:00+00:00,63069.31,63127.07,63069.31,63126.52,385.79335,2026-08-01 14:59:59.999000+00:00,24344209.57,26416,152.82495,9643139.46,0
2026-08-01 15:00:00+00:00,63126.53,63126.53,63007.05,63007.06,164.42533,2026-08-01 15:59:59.999000+00:00,10371508.84,17538,71.67908,4521953.862,0
2026-08-01 16:00:00+00:00,63007.06,63027.65,62874,62932.32,327.87182,2026-08-01 16:59:59.999000+00:00,20643319.97,40247,160.2356,10087545.84,0
2026-08-01 17:00:00+00:00,62932.32,62996,62666,62708.07,359.17517,2026-08-01 17:59:59.999000+00:00,22564951.05,60750,139.65491,8773754.691,0
2026-08-01 18:00:00+00:00,62708.06,62734,62275,62580.56,931.42897,2026-08-01 18:59:59.999000+00:00,58204708.37,151143,382.91051,23921015.75,0
2026-08-01 19:00:00+00:00,62580.55,62624,62461.17,62529.82,312.52626,2026-08-01 19:59:59.999000+00:00,19550759.11,58351,186.84938,11689522.27,0
2026-08-01 20:00:00+00:00,62529.81,62674.98,62482.99,62662.13,183.46966,2026-08-01 20:59:59.999000+00:00,11485230.28,43166,101.53453,6356686.555,0
2026-08-01 21:00:00+00:00,62662.14,62864,62662.13,62812.75,229.38386,2026-08-01 21:59:59.999000+00:00,14396971.55,54923,103.15111,6475206.239,0
2026-08-01 22:00:00+00:00,62812.76,62866.62,62794.17,62831.28,129.54917,2026-08-01 22:59:59.999000+00:00,8140598.362,28111,65.13676,4092933.815,0
2026-08-01 23:00:00+00:00,62831.29,62862.8,62769.97,62823.64,287.81315,2026-08-01 23:59:59.999000+00:00,18077474.19,20284,226.43602,14222469.16,0
2026-08-02 00:00:00+00:00,62823.65,62979.99,62806.58,62833.99,397.27424,2026-08-02 00:59:59.999000+00:00,24984147.27,33822,159.08508,10005818.58,0
2026-08-02 01:00:00+00:00,62834,63088,62834,62981.87,215.77694,2026-08-02 01:59:59.999000+00:00,13591878.53,32567,148.64655,9362612.285,0
2026-08-02 02:00:00+00:00,62981.87,63547.7,62958.54,63451.58,1068.41906,2026-08-02 02:59:59.999000+00:00,67742410.1,145569,623.19602,39507579.22,0
2026-08-02 03:00:00+00:00,63451.58,63550,63380,63461.95,388.55462,2026-08-02 03:59:59.999000+00:00,24653572.53,47536,192.64737,12224272.27,0
2026-08-02 04:00:00+00:00,63461.95,63612,63461.95,63590,302.37117,2026-08-02 04:59:59.999000+00:00,19215565.84,41609,174.60775,11095946.61,0
2026-08-02 05:00:00+00:00,63590,63634,63415.26,63453.27,261.31562,2026-08-02 05:59:59.999000+00:00,16588959.99,36028,104.43625,6629039.328,0
2026-08-02 06:00:00+00:00,63453.27,63498.15,63435.99,63482.49,160.39885,2026-08-02 06:59:59.999000+00:00,10181508.87,22998,83.00322,5268656.255,0
2026-08-02 07:00:00+00:00,63482.49,63544.51,63480,63506.24,412.11258,2026-08-02 07:59:59.999000+00:00,26167488.89,22781,313.94737,19933899.78,0
2026-08-02 08:00:00+00:00,63506.23,63530,63172,63193.99,542.79786,2026-08-02 08:59:59.999000+00:00,34416949.74,45423,288.8078,18323655.65,0
2026-08-02 09:00:00+00:00,63194,63320,63094,63273.94,277.11141,2026-08-02 09:59:59.999000+00:00,17524986.7,44972,143.19213,9055520.497,0
2026-08-02 10:00:00+00:00,63273.94,63273.94,63125.06,63205.03,200.2751,2026-08-02 10:59:59.999000+00:00,12658424.23,33634,105.5202,6669633.653,0
2026-08-02 11:00:00+00:00,63205.03,63206,62982.38,63031.99,373.06149,2026-08-02 11:59:59.999000+00:00,23549646.84,73599,146.82685,9269778.533,0
2026-08-02 12:00:00+00:00,63031.99,63231.67,63031.99,63125.49,247.99863,2026-08-02 12:59:59.999000+00:00,15661989.51,48051,128.50244,8115596.451,0
2026-08-02 13:00:00+00:00,63125.49,63146.89,63010,63126.92,262.12825,2026-08-02 13:59:59.999000+00:00,16538448.37,38300,130.45023,8230857.279,0
2026-08-02 14:00:00+00:00,63126.92,63186,63062,63069.37,314.22912,2026-08-02 14:59:59.999000+00:00,19834721.57,44847,163.04038,10291244.15,0
2026-08-02 15:00:00+00:00,63069.37,63186,63050,63109.14,191.05332,2026-08-02 15:59:59.999000+00:00,12058629.28,27263,101.03328,6376867.068,0
2026-08-02 16:00:00+00:00,63109.13,63273.49,63064.01,63180.36,267.96361,2026-08-02 16:59:59.999000+00:00,16924261.31,61576,146.88696,9277828.098,0
2026-08-02 17:00:00+00:00,63180.36,63342,63152,63300.28,318.39177,2026-08-02 17:59:59.999000+00:00,20144898.43,51239,183.68231,11619984.78,0
2026-08-02 18:00:00+00:00,63300,63610.01,63290,63382.01,518.81545,2026-08-02 18:59:59.999000+00:00,32897638.25,66179,318.14828,20171699.77,0
2026-08-02 19:00:00+00:00,63382.01,63479.85,63323.89,63456.01,247.35839,2026-08-02 19:59:59.999000+00:00,15681478.75,38980,150.42736,9536027.258,0
2026-08-02 20:00:00+00:00,63456,63501.48,63404.69,63494.52,140.51262,2026-08-02 20:59:59.999000+00:00,8916338.088,39245,86.37816,5481238.986,0
2026-08-02 21:00:00+00:00,63494.51,63785,63479.45,63578,457.27756,2026-08-02 21:59:59.999000+00:00,29088924.04,92710,256.1968,16296518.57,0
2026-08-02 22:00:00+00:00,63578.01,63796.33,63376.71,63424.58,484.1409,2026-08-02 22:59:59.999000+00:00,30783691.52,112482,253.04773,16089358.27,0
2026-08-02 23:00:00+00:00,63424.58,63596,63344,63570,337.67298,2026-08-02 23:59:59.999000+00:00,21431817.74,84654,164.6206,10448791.78,0
2026-08-03 00:00:00+00:00,63570.01,63596,63208.3,63317.6,357.32342,2026-08-03 00:59:59.999000+00:00,22644761.14,98486,150.86324,9562157.942,0
2026-08-03 01:00:00+00:00,63317.61,63350,63111.1,63212.16,372.31318,2026-08-03 01:59:59.999000+00:00,23535944.98,85202,168.27699,10637756.45,0
2026-08-03 02:00:00+00:00,63212.16,63286,63100,63141.4,334.18959,2026-08-03 02:59:59.999000+00:00,21116445.15,68048,170.85738,10795936.88,0
2026-08-03 03:00:00+00:00,63141.39,63168.44,62786.04,62870.49,516.46423,2026-08-03 03:59:59.999000+00:00,32542680.13,75000,209.29332,13190117.2,0
2026-08-03 04:00:00+00:00,62870.48,63001.77,62770.37,62790,320.41763,2026-08-03 04:59:59.999000+00:00,20158137.77,51921,182.4767,11481127.14,0
2026-08-03 05:00:00+00:00,62790,62875.02,62751.3,62827.17,546.69206,2026-08-03 05:59:59.999000+00:00,34347596.66,57026,302.86534,19027821.38,0
2026-08-03 06:00:00+00:00,62827.17,62872.58,62613,62623.6,396.31841,2026-08-03 06:59:59.999000+00:00,24863587.07,71093,166.30688,10433863.51,0
2026-08-03 07:00:00+00:00,62623.6,62700,62552.04,62621.1,1264.72827,2026-08-03 07:59:59.999000+00:00,79214588.77,74002,607.99226,38081398.12,0
2026-08-03 08:00:00+00:00,62621.1,62647.69,62300,62541.5,657.33122,2026-08-03 08:59:59.999000+00:00,41038799.15,97499,329.87581,20593879.04,0
2026-08-03 09:00:00+00:00,62541.5,62863.1,62520,62837.4,585.41075,2026-08-03 09:59:59.999000+00:00,36676833.37,62491,403.68636,25293721.94,0
2026-08-03 10:00:00+00:00,62837.4,62860,62615.11,62742.01,443.80935,2026-08-03 10:59:59.999000+00:00,27852395.6,58532,231.23106,14511916.68,0
2026-08-03 11:00:00+00:00,62742.01,62778.92,62540.95,62560.01,282.26451,2026-08-03 11:59:59.999000+00:00,17690071.01,61915,128.72321,8068765.141,0
2026-08-03 12:00:00+00:00,62560.01,62799.3,62445.26,62700,437.23263,2026-08-03 12:59:59.999000+00:00,27377607.02,90847,225.9886,14151779.77,0
2026-08-03 13:00:00+00:00,62700.01,63390,62562.42,63351.09,1121.39133,2026-08-03 13:59:59.999000+00:00,70573668.8,232110,625.81904,39394539.1,0
2026-08-03 14:00:00+00:00,63351.09,63992.71,63136,63967.19,2387.82383,2026-08-03 14:59:59.999000+00:00,151947551,372984,1521.03527,96820862.6,0
2026-08-03 15:00:00+00:00,63967.19,63989.75,63646.59,63694.91,1368.53804,2026-08-03 15:59:59.999000+00:00,87331355.67,236612,726.7858,46387637.28,0
2026-08-03 16:00:00+00:00,63694.9,63939.99,63664,63776.46,800.0795,2026-08-03 16:59:59.999000+00:00,51057217.83,144856,379.8596,24241838.42,0
2026-08-03 17:00:00+00:00,63776.46,64059.75,63714.55,63906,628.1066,2026-08-03 17:59:59.999000+00:00,40133550.32,106952,300.75883,19220750.18,0
2026-08-03 18:00:00+00:00,63905.99,64000,63768,63870.87,368.04477,2026-08-03 18:59:59.999000+00:00,23513989.35,88526,177.08565,11312669.53,0
2026-08-03 19:00:00+00:00,63870.87,64080,63846,63869.38,545.18183,2026-08-03 19:59:59.999000+00:00,34862962.87,100645,238.12743,15227037.42,0
2026-08-03 20:00:00+00:00,63869.38,64023.61,63769.92,63775.43,498.9936,2026-08-03 20:59:59.999000+00:00,31879782.13,65626,212.05623,13550076.48,0
2026-08-03 21:00:00+00:00,63775.43,63791.98,63548,63590.15,427.95014,2026-08-03 21:59:59.999000+00:00,27262313.01,62549,184.06157,11726258.77,0
2026-08-03 22:00:00+00:00,63590.15,63680,63392.01,63618,422.48287,2026-08-03 22:59:59.999000+00:00,26835264.48,78240,182.9964,11625496.5,0
2026-08-03 23:00:00+00:00,63618.01,63621.35,63465.43,63520,460.20967,2026-08-03 23:59:59.999000+00:00,29241412.64,53202,160.8809,10220751.93,0
2026-08-04 00:00:00+00:00,63520,63585.09,63322.01,63361.99,536.23408,2026-08-04 00:59:59.999000+00:00,34015456.1,103694,299.50991,18999285.06,0
2026-08-04 01:00:00+00:00,63362,63927.99,63361.99,63847.93,808.63269,2026-08-04 01:59:59.999000+00:00,51465151.72,138495,480.46055,30588690.46,0
2026-08-04 02:00:00+00:00,63847.92,63972,63686.44,63822.44,596.20908,2026-08-04 02:59:59.999000+00:00,38040218.96,79681,317.65847,20267482.41,0
2026-08-04 03:00:00+00:00,63822.45,63860,63649,63800.01,343.13285,2026-08-04 03:59:59.999000+00:00,21885255.74,49652,187.13297,11934650.53,0
2026-08-04 04:00:00+00:00,63800.01,64243.81,63762,64029,795.09044,2026-08-04 04:59:59.999000+00:00,50878915.14,81654,435.85406,27885025.84,0
2026-08-04 05:00:00+00:00,64029.01,64056,63788.23,63818.48,306.74636,2026-08-04 05:59:59.999000+00:00,19590451.93,62069,118.97331,7596883.447,0
2026-08-04 06:00:00+00:00,63818.47,63859.71,63654.16,63670,321.82249,2026-08-04 06:59:59.999000+00:00,20515738.8,48554,147.02517,9370179.526,0
2026-08-04 07:00:00+00:00,63670,63763.63,63506.78,63685.74,779.79552,2026-08-04 07:59:59.999000+00:00,49619549.86,60765,332.11447,21128233.24,0
2026-08-04 08:00:00+00:00,63685.73,63748.22,63564.99,63588.94,412.14854,2026-08-04 08:59:59.999000+00:00,26223990.35,41831,282.93751,18002880.29,0
2026-08-04 09:00:00+00:00,63589.04,63610,63516.43,63603.73,356.68509,2026-08-04 09:59:59.999000+00:00,22675257.11,41824,147.79301,9395392.331,0
2026-08-04 10:00:00+00:00,63603.73,63842,63451.8,63764,613.8334,2026-08-04 10:59:59.999000+00:00,39040127.37,102803,273.25327,17382384.05,0
2026-08-04 11:00:00+00:00,63763.99,63950,63712,63926,457.77198,2026-08-04 11:59:59.999000+00:00,29226223.76,91676,230.78845,14732733.59,0
2026-08-04 12:00:00+00:00,63926,64062.46,63788,63906.41,546.54537,2026-08-04 12:59:59.999000+00:00,34930670.5,89411,313.36983,20032849.88,0
2026-08-04 13:00:00+00:00,63906.41,64097.74,63656,63683.94,1052.90355,2026-08-04 13:59:59.999000+00:00,67302267.83,199185,599.06252,38295591.17,0
2026-08-04 14:00:00+00:00,63683.95,64193.54,63615.38,64128.72,879.92592,2026-08-04 14:59:59.999000+00:00,56239648.82,223460,542.391,34664134.03,0
2026-08-04 15:00:00+00:00,64128.73,64238,63814.29,64125.14,876.1178,2026-08-04 15:59:59.999000+00:00,56140839.15,168304,505.70239,32408951.51,0
2026-08-04 16:00:00+00:00,64125.14,64130,63897.22,63950.93,546.40306,2026-08-04 16:59:59.999000+00:00,34970829.87,114320,253.88789,16248746.07,0
2026-08-04 17:00:00+00:00,63950.94,64184,63892,63972.09,719.77508,2026-08-04 17:59:59.999000+00:00,46112734.57,137455,399.43698,25591524.93,0
2026-08-04 18:00:00+00:00,63972.09,64400,63965.73,64305.99,693.34672,2026-08-04 18:59:59.999000+00:00,44569679.59,148693,408.84425,26279231.74,0
2026-08-04 19:00:00+00:00,64305.99,64413.21,64193.57,64233.36,534.82384,2026-08-04 19:59:59.999000+00:00,34398383.05,97542,274.50823,17656080.71,0
2026-08-04 20:00:00+00:00,64233.35,64420,64001.68,64341,558.35238,2026-08-04 20:59:59.999000+00:00,35853995.32,96909,284.875,18292658.93,0
2026-08-04 21:00:00+00:00,64341,64341.99,64175.52,64194,220.73608,2026-08-04 21:59:59.999000+00:00,14182904.53,60932,85.77467,5510231.308,0
2026-08-04 22:00:00+00:00,64193.99,64293.91,64140,64270.61,181.53234,2026-08-04 22:59:59.999000+00:00,11658111.85,44926,87.18277,5598443.484,0
2026-08-04 23:00:00+00:00,64270.62,64549.16,64081.26,64106.56,551.91443,2026-08-04 23:59:59.999000+00:00,35521281.39,104204,351.92698,22657606.17,0
2026-08-05 00:00:00+00:00,64106.55,64193.25,63978.44,63988,649.78599,2026-08-05 00:59:59.999000+00:00,41615173.99,87408,327.46128,20970268.8,0
2026-08-05 01:00:00+00:00,63988,64346,63950,64333.84,393.02738,2026-08-05 01:59:59.999000+00:00,25199028.03,78725,224.23322,14377078.85,0
2026-08-05 02:00:00+00:00,64333.85,64504,64322.59,64368.26,562.72054,2026-08-05 02:59:59.999000+00:00,36252719.28,115810,292.49373,18842893.91,0
2026-08-05 03:00:00+00:00,64368.27,64446,64046,64183.27,445.73851,2026-08-05 03:59:59.999000+00:00,28606689.16,91878,212.70998,13646439.38,0
2026-08-05 04:00:00+00:00,64183.27,64218,64088.01,64176.7,184.21473,2026-08-05 04:59:59.999000+00:00,11818918.37,47086,87.94164,5642443.077,0
2026-08-05 05:00:00+00:00,64176.69,64525.97,64163.36,64330.87,480.37923,2026-08-05 05:59:59.999000+00:00,30917002.67,68876,203.21757,13078801.8,0
2026-08-05 06:00:00+00:00,64330.86,64373.31,64229.34,64253.58,396.58374,2026-08-05 06:59:59.999000+00:00,25506398.15,49970,276.91856,17810597.85,0
2026-08-05 07:00:00+00:00,64253.59,64272,63995.89,64163.99,577.00898,2026-08-05 07:59:59.999000+00:00,36982927.79,74493,301.7958,19344654.48,0
2026-08-05 08:00:00+00:00,64164,64280,64098,64120.81,335.28683,2026-08-05 08:59:59.999000+00:00,21523019.94,63070,148.66438,9542746.868,0
2026-08-05 09:00:00+00:00,64120.81,64210.83,64102.95,64155.05,184.00109,2026-08-05 09:59:59.999000+00:00,11805503,43523,78.79879,5055483.361,0
2026-08-05 10:00:00+00:00,64155.06,64242.93,64020,64062.23,387.90421,2026-08-05 10:59:59.999000+00:00,24881755.95,73702,171.94536,11029238.12,0
2026-08-05 11:00:00+00:00,64062.23,64150,64044.5,64075.28,258.58817,2026-08-05 11:59:59.999000+00:00,16572847.28,57896,125.53299,8045140.818,0
2026-08-05 12:00:00+00:00,64075.28,64581.43,64050,64332.43,1037.97436,2026-08-05 12:59:59.999000+00:00,66850027.12,130336,602.53636,38801733.53,0
2026-08-05 13:00:00+00:00,64332.43,64412,63880,64407.99,1022.29322,2026-08-05 13:59:59.999000+00:00,65586464.65,222352,527.77142,33859775.05,0
2026-08-05 14:00:00+00:00,64407.99,64578,64300,64476.39,1047.50709,2026-08-05 14:59:59.999000+00:00,67497192.66,283723,630.5808,40635161.24,0
2026-08-05 15:00:00+00:00,64476.4,64744,64385.49,64388.01,986.83874,2026-08-05 15:59:59.999000+00:00,63713231.16,183941,436.05356,28156574.44,0
2026-08-05 16:00:00+00:00,64388.01,64760.99,64388,64661.99,538.9344,2026-08-05 16:59:59.999000+00:00,34837349.63,146945,265.68551,17170468.4,0
2026-08-05 17:00:00+00:00,64661.99,64804,64541.71,64770,480.07544,2026-08-05 17:59:59.999000+00:00,31057555.15,105483,252.01635,16303854.15,0
2026-08-05 18:00:00+00:00,64770,64844.99,64670.01,64799.1,509.17226,2026-08-05 18:59:59.999000+00:00,32970691.84,106625,245.44387,15894437.04,0
2026-08-05 19:00:00+00:00,64799.1,64936.18,64781.79,64840.28,466.98679,2026-08-05 19:59:59.999000+00:00,30303424.9,76747,248.86505,16148839.56,0
2026-08-05 20:00:00+00:00,64840.27,65025.22,64806.46,64822.89,498.389,2026-08-05 20:59:59.999000+00:00,32363446.31,78084,289.37307,18794177.33,0
2026-08-05 21:00:00+00:00,64822.88,64825.78,64657.69,64733.13,467.37291,2026-08-05 21:59:59.999000+00:00,30250902.72,91175,162.43596,10513074.68,0
2026-08-05 22:00:00+00:00,64733.13,64783.84,64629.81,64636,271.07045,2026-08-05 22:59:59.999000+00:00,17537215.66,62596,103.65708,6705638.93,0
2026-08-05 23:00:00+00:00,64636,64749.99,64579.15,64665.23,561.00122,2026-08-05 23:59:59.999000+00:00,36280488.83,61783,306.35017,19811219.92,0
2026-08-06 00:00:00+00:00,64665.24,64724.38,64572,64644.99,476.9934,2026-08-06 00:59:59.999000+00:00,30834117.77,59311,183.50123,11862384.16,0
2026-08-06 01:00:00+00:00,64644.92,64659.65,64498,64580.07,393.9399,2026-08-06 01:59:59.999000+00:00,25449019.66,65744,202.53496,13085497.13,0
2026-08-06 02:00:00+00:00,64580.08,64650.62,64439.34,64579.36,432.25507,2026-08-06 02:59:59.999000+00:00,27900547.23,80019,219.68873,14178871.22,0
2026-08-06 03:00:00+00:00,64579.36,64583.63,64493.2,64531.03,197.99261,2026-08-06 03:59:59.999000+00:00,12778814.51,41546,79.01809,5099525.617,0
2026-08-06 04:00:00+00:00,64531.03,64755.72,64496.27,64734.65,354.38235,2026-08-06 04:59:59.999000+00:00,22918408.68,55726,196.75298,12725349.18,0
2026-08-06 05:00:00+00:00,64734.65,64996,64730.26,64908.09,515.23827,2026-08-06 05:59:59.999000+00:00,33442737.55,102709,290.63064,18864798.7,0
2026-08-06 06:00:00+00:00,64908.1,64908.1,64745.69,64860,233.29381,2026-08-06 06:59:59.999000+00:00,15124179.66,54964,102.64469,6653921.434,0
2026-08-06 07:00:00+00:00,64860,64965.66,64776,64809.7,679.84082,2026-08-06 07:59:59.999000+00:00,44093592.55,61360,228.41584,14814485.92,0
2026-08-06 08:00:00+00:00,64809.7,64999,64760,64941.99,323.50568,2026-08-06 08:59:59.999000+00:00,20984867.55,58606,183.38281,11894580.36,0
2026-08-06 09:00:00+00:00,64942,64944,64630,64683.62,404.08385,2026-08-06 09:59:59.999000+00:00,26174620.08,70981,151.29801,9796508.772,0
2026-08-06 10:00:00+00:00,64683.62,64685.05,64581.21,64615.95,207.8831,2026-08-06 10:59:59.999000+00:00,13438249.47,54295,106.443,6880662.583,0
2026-08-06 11:00:00+00:00,64615.95,64661.26,64503.54,64622.09,372.14171,2026-08-06 11:59:59.999000+00:00,24042701.11,60335,191.76701,12389655.92,0
2026-08-06 12:00:00+00:00,64622.08,64637.68,64381.96,64424,336.45805,2026-08-06 12:59:59.999000+00:00,21701707.03,77320,157.42535,10153660.36,0
2026-08-06 13:00:00+00:00,64424.01,64524.21,64172,64434.01,870.19548,2026-08-06 13:59:59.999000+00:00,55954841.96,194478,409.71771,26348255.07,0
2026-08-06 14:00:00+00:00,64434.01,64850,64362,64778,781.12724,2026-08-06 14:59:59.999000+00:00,50450642.02,239608,443.97268,28680028.01,0
2026-08-06 15:00:00+00:00,64778.01,64987.26,64624.29,64631.87,772.83402,2026-08-06 15:59:59.999000+00:00,50086848.98,230032,455.15645,29499702.36,0
2026-08-06 16:00:00+00:00,64631.88,64778,64592.37,64757.99,370.31723,2026-08-06 16:59:59.999000+00:00,23949780.55,146790,190.85892,12343423.69,0
2026-08-06 17:00:00+00:00,64758,64834,64548.81,64621.69,293.75208,2026-08-06 17:59:59.999000+00:00,19001411.12,85461,115.34513,7461575.039,0
2026-08-06 18:00:00+00:00,64621.68,64621.69,64378.67,64418.47,347.29306,2026-08-06 18:59:59.999000+00:00,22398182.39,85459,113.93679,7347878.604,0
2026-08-06 19:00:00+00:00,64418.48,64474.71,64365,64446,449.59357,2026-08-06 19:59:59.999000+00:00,28968185.16,70813,224.3131,14452859.42,0
2026-08-06 20:00:00+00:00,64446.01,64536.32,64439.7,64439.7,195.47529,2026-08-06 20:59:59.999000+00:00,12604874.69,44904,70.40738,4540264.642,0
2026-08-06 21:00:00+00:00,64439.71,64513.99,64404.74,64440.74,249.73283,2026-08-06 21:59:59.999000+00:00,16097935.79,53362,122.75076,7912459.796,0
2026-08-06 22:00:00+00:00,64440.74,64450,64330.4,64351.49,210.70667,2026-08-06 22:59:59.999000+00:00,13566155,45081,91.48411,5889583.239,0
2026-08-06 23:00:00+00:00,64351.48,64360.01,64200,64323.61,395.39675,2026-08-06 23:59:59.999000+00:00,25404226.21,49047,134.70624,8654785.156,0
2026-08-07 00:00:00+00:00,64323.61,64410,64230.59,64317.99,285.45231,2026-08-07 00:59:59.999000+00:00,18354249.56,73994,127.91138,8225097.541,0
2026-08-07 01:00:00+00:00,64318,64476.78,64300,64422.55,351.02167,2026-08-07 01:59:59.999000+00:00,22603041.94,93301,202.67012,13051078.83,0
2026-08-07 02:00:00+00:00,64422.54,64544,64252.09,64399.87,388.69448,2026-08-07 02:59:59.999000+00:00,25031545.12,103153,173.63819,11181616.32,0
2026-08-07 03:00:00+00:00,64399.88,64407.73,64260,64289.99,199.96303,2026-08-07 03:59:59.999000+00:00,12864334.04,75419,83.97819,5402386.876,0
2026-08-07 04:00:00+00:00,64289.99,64364.08,64166,64255.13,222.89749,2026-08-07 04:59:59.999000+00:00,14326178.48,69543,87.42568,5619069.587,0
2026-08-07 05:00:00+00:00,64255.14,64400,64177.62,64336.43,321.20596,2026-08-07 05:59:59.999000+00:00,20650998.16,53841,150.05487,9649229.417,0
2026-08-07 06:00:00+00:00,64336.42,64463.75,64283.91,64304.12,452.26837,2026-08-07 06:59:59.999000+00:00,29104402.24,54841,221.28865,14240102.59,0
2026-08-07 07:00:00+00:00,64304.12,64436.13,64264,64319.84,382.39149,2026-08-07 07:59:59.999000+00:00,24611960.73,43588,191.10967,12301016.96,0
2026-08-07 08:00:00+00:00,64319.84,64672.1,64304.22,64600,433.22408,2026-08-07 08:59:59.999000+00:00,27940463.86,73835,185.13474,11938854.6,0
2026-08-07 09:00:00+00:00,64600,64965,64599.99,64839.32,917.15159,2026-08-07 09:59:59.999000+00:00,59475545.59,104331,435.79551,28261770.34,0
2026-08-07 10:00:00+00:00,64839.32,64916,64802,64893.98,362.71626,2026-08-07 10:59:59.999000+00:00,23525923.72,52293,104.75143,6794001.874,0
2026-08-07 11:00:00+00:00,64893.99,65213.33,64893.64,65029.98,652.67441,2026-08-07 11:59:59.999000+00:00,42453752.46,89434,359.85118,23405081.62,0
2026-08-07 12:00:00+00:00,65029.98,65390.99,64986.26,65292.32,1412.7636,2026-08-07 12:59:59.999000+00:00,92112799.37,181821,836.23651,54532142.03,0
2026-08-07 13:00:00+00:00,65292.31,65338,64984.68,65009.24,1271.25225,2026-08-07 13:59:59.999000+00:00,82872881.76,245147,589.41594,38433174.15,0
2026-08-07 14:00:00+00:00,65009.23,65275.03,64788,64957.98,982.58571,2026-08-07 14:59:59.999000+00:00,63902635.17,272120,532.85038,34655084.57,0
2026-08-07 15:00:00+00:00,64957.98,65136.17,64894.83,64912.72,468.0279,2026-08-07 15:59:59.999000+00:00,30421106.3,129409,160.33281,10421085.17,0
2026-08-07 16:00:00+00:00,64912.71,65072.31,64814,64814,485.33624,2026-08-07 16:59:59.999000+00:00,31519449.41,123985,174.24916,11316539.75,0
2026-08-07 17:00:00+00:00,64814.01,64828.82,64525,64764.33,603.65716,2026-08-07 17:59:59.999000+00:00,39048760.38,135316,226.86676,14673904.04,0
2026-08-07 18:00:00+00:00,64764.33,64881.13,64676,64735.51,225.44204,2026-08-07 18:59:59.999000+00:00,14606765.33,80410,107.7342,6980364.91,0
2026-08-07 19:00:00+00:00,64735.52,65039.42,64735.52,64960.47,398.55222,2026-08-07 19:59:59.999000+00:00,25881188.11,100397,239.92554,15581359.14,0
2026-08-07 20:00:00+00:00,64960.46,65053.56,64948,64972,238.49651,2026-08-07 20:59:59.999000+00:00,15498023.88,39503,140.00481,9098539.782,0
2026-08-07 21:00:00+00:00,64972,65102,64928,64928.01,187.58406,2026-08-07 21:59:59.999000+00:00,12192924.09,44821,74.85659,4866058.155,0
2026-08-07 22:00:00+00:00,64928.02,64947.7,64846,64888,304.11479,2026-08-07 22:59:59.999000+00:00,19738477.33,28154,104.65883,6791975.762,0
2026-08-07 23:00:00+00:00,64888,64923.2,64869.99,64923.19,259.93041,2026-08-07 23:59:59.999000+00:00,16866706.51,14727,128.52507,8340256.125,0
2026-08-08 00:00:00+00:00,64923.2,64954,64784.19,64929.01,432.5947,2026-08-08 00:59:59.999000+00:00,28066360.04,25634,192.54433,12494021.26,0
2026-08-08 01:00:00+00:00,64929.01,64965,64908.97,64911.79,283.12303,2026-08-08 01:59:59.999000+00:00,18383200.85,22019,182.66654,11860496.24,0
2026-08-08 02:00:00+00:00,64911.8,64957.47,64894.49,64923.97,317.46111,2026-08-08 02:59:59.999000+00:00,20609506.2,21324,150.51206,9770326.594,0
2026-08-08 03:00:00+00:00,64923.98,65074.18,64918.28,65033,277.39242,2026-08-08 03:59:59.999000+00:00,18027409.34,27377,179.5882,11670790.43,0
2026-08-08 04:00:00+00:00,65033,65071.15,64971.18,65013.58,199.83614,2026-08-08 04:59:59.999000+00:00,12992832.73,31511,124.97153,8124822.133,0
2026-08-08 05:00:00+00:00,65013.58,65018.64,64976,64995.39,118.91329,2026-08-08 05:59:59.999000+00:00,7730148.491,13525,44.52809,2894580.316,0
2026-08-08 06:00:00+00:00,64995.39,65014,64959.81,65006.61,298.35674,2026-08-08 06:59:59.999000+00:00,19388734.54,16625,122.6895,7972997.069,0
2026-08-08 07:00:00+00:00,65006.61,65006.61,64951.34,64960,169.03379,2026-08-08 07:59:59.999000+00:00,10983930.1,13450,80.30533,5217745.611,0
2026-08-08 08:00:00+00:00,64959.99,65020.5,64948.56,64993.87,150.80437,2026-08-08 08:59:59.999000+00:00,9800169.265,13868,85.21014,5537404.915,0
2026-08-08 09:00:00+00:00,64993.88,65050,64992.98,64994.31,303.53576,2026-08-08 09:59:59.999000+00:00,19733513.55,26189,194.26161,12629382.81,0
2026-08-08 10:00:00+00:00,64994.31,65022.43,64994.31,65005.87,144.30853,2026-08-08 10:59:59.999000+00:00,9381414.278,15959,54.63585,3551748.135,0
2026-08-08 11:00:00+00:00,65005.88,65024.1,64957,64967.35,178.16146,2026-08-08 11:59:59.999000+00:00,11577601.19,19311,69.60256,4523164.751,0
2026-08-08 12:00:00+00:00,64967.36,65050.55,64924,65008.34,234.45077,2026-08-08 12:59:59.999000+00:00,15237620.32,31056,122.91118,7988666.798,0
2026-08-08 13:00:00+00:00,65008.33,65018,65000,65015.27,187.85749,2026-08-08 13:59:59.999000+00:00,12212391.48,16805,98.14216,6380096.345,0
2026-08-08 14:00:00+00:00,65015.27,65192.54,65015.27,65129.02,356.35929,2026-08-08 14:59:59.999000+00:00,23208128.55,44901,234.61416,15278267.34,0
2026-08-08 15:00:00+00:00,65129.01,65149.57,65061.31,65080.82,186.5848,2026-08-08 15:59:59.999000+00:00,12145707.97,19760,81.94077,5333776.841,0
2026-08-08 16:00:00+00:00,65080.83,65116.82,65039,65086.45,128.83529,2026-08-08 16:59:59.999000+00:00,8383617.7,22770,61.95465,4031578.897,0
2026-08-08 17:00:00+00:00,65086.46,65150,65075.46,65119.75,187.72596,2026-08-08 17:59:59.999000+00:00,12222353.39,23990,96.11591,6257929.922,0
2026-08-08 18:00:00+00:00,65119.75,65119.75,65025.54,65044.07,168.52013,2026-08-08 18:59:59.999000+00:00,10966428.87,20825,66.72306,4342109.517,0
2026-08-08 19:00:00+00:00,65044.08,65093.7,65017.39,65075.41,205.39734,2026-08-08 19:59:59.999000+00:00,13358691.34,16325,81.94249,5329201.974,0
2026-08-08 20:00:00+00:00,65075.4,65100.61,65060,65082.41,382.31735,2026-08-08 20:59:59.999000+00:00,24884569.98,18406,145.01293,9437705.157,0
2026-08-08 21:00:00+00:00,65082.42,65082.42,65000.53,65012.96,216.53129,2026-08-08 21:59:59.999000+00:00,14084709.37,25428,60.6131,3942470.297,0
2026-08-08 22:00:00+00:00,65012.95,65038,64948.17,64950.61,427.30382,2026-08-08 22:59:59.999000+00:00,27772868.44,30793,179.35607,11657744.94,0
2026-08-08 23:00:00+00:00,64950.62,64975.99,64936.01,64962.6,204.73811,2026-08-08 23:59:59.999000+00:00,13299450.86,22596,99.16389,6441383.113,0
2026-08-09 00:00:00+00:00,64962.6,64991.93,64958.17,64973.65,214.05253,2026-08-09 00:59:59.999000+00:00,13907043.07,18975,102.26167,6643913.751,0
2026-08-09 01:00:00+00:00,64973.65,65002,64838.33,64861.46,330.74593,2026-08-09 01:59:59.999000+00:00,21465213.17,31321,114.06736,7402765.976,0
2026-08-09 02:00:00+00:00,64861.46,64863.16,64777.92,64820.01,255.40052,2026-08-09 02:59:59.999000+00:00,16557890.29,32270,115.37589,7479898.962,0
2026-08-09 03:00:00+00:00,64820.01,64820.01,64730.08,64788.8,153.75776,2026-08-09 03:59:59.999000+00:00,9960137.776,20800,75.15128,4867678.131,0
2026-08-09 04:00:00+00:00,64788.8,64826.13,64785,64785,156.31772,2026-08-09 04:59:59.999000+00:00,10130796.79,13624,84.20076,5456784.085,0
2026-08-09 05:00:00+00:00,64785.01,64801.58,64777,64801.58,194.39306,2026-08-09 05:59:59.999000+00:00,12594126.92,15456,101.16886,6554381.057,0
2026-08-09 06:00:00+00:00,64801.57,64867.11,64801.57,64849.99,216.36529,2026-08-09 06:59:59.999000+00:00,14028190.82,20930,98.44055,6382436.117,0
2026-08-09 07:00:00+00:00,64850,64860.01,64826.14,64826.14,338.38864,2026-08-09 07:59:59.999000+00:00,21942571.89,18781,154.2898,10004758.44,0
2026-08-09 08:00:00+00:00,64826.15,64960.06,64792.1,64824.16,328.93534,2026-08-09 08:59:59.999000+00:00,21343277.4,43973,189.76912,12313792.18,0
2026-08-09 09:00:00+00:00,64824.17,64877.86,64809.68,64877.85,149.22124,2026-08-09 09:59:59.999000+00:00,9673240.726,19330,94.33882,6115588.698,0
2026-08-09 10:00:00+00:00,64877.86,64994.07,64877.85,64959.86,249.48898,2026-08-09 10:59:59.999000+00:00,16204333.54,26742,135.2853,8785688.869,0
2026-08-09 11:00:00+00:00,64959.87,65000,64950,64950,150.77221,2026-08-09 11:59:59.999000+00:00,9797293.4,16353,67.39143,4378951.657,0
2026-08-09 12:00:00+00:00,64950.01,64962.41,64914.73,64960.11,166.88575,2026-08-09 12:59:59.999000+00:00,10837664.19,13782,85.89781,5578301.081,0
2026-08-09 13:00:00+00:00,64960.12,65266,64960.11,65219.78,406.90586,2026-08-09 13:59:59.999000+00:00,26510401.85,44799,242.51699,15798703.12,0
2026-08-09 14:00:00+00:00,65219.78,65300,65150.95,65260.01,280.8075,2026-08-09 14:59:59.999000+00:00,18311637.38,46146,133.45475,8702341.716,0
2026-08-09 15:00:00+00:00,65260.01,65264,65214,65228.68,364.1864,2026-08-09 15:59:59.999000+00:00,23760272.56,32621,193.45685,12621404.81,0
2026-08-09 16:00:00+00:00,65228.68,65266.06,65182.36,65232.14,289.41282,2026-08-09 16:59:59.999000+00:00,18880664.32,32276,109.10809,7117779.409,0
2026-08-09 17:00:00+00:00,65232.15,65239.18,65198.68,65198.68,130.05099,2026-08-09 17:59:59.999000+00:00,8482804.968,14397,63.49386,4141371.842,0
2026-08-09 18:00:00+00:00,65198.68,65220,65192,65199.68,83.21999,2026-08-09 18:59:59.999000+00:00,5426467.461,12819,32.89421,2144889.673,0
2026-08-09 19:00:00+00:00,65199.69,65210,65179.72,65180.66,257.6312,2026-08-09 19:59:59.999000+00:00,16796722.48,19927,75.75658,4938898.248,0
2026-08-09 20:00:00+00:00,65180.66,65181.99,65046.25,65137.96,465.99754,2026-08-09 20:59:59.999000+00:00,30344991.23,47904,111.04465,7231348.846,0
2026-08-09 21:00:00+00:00,65137.96,65250,65115.05,65192.99,485.32235,2026-08-09 21:59:59.999000+00:00,31625565.31,50161,177.12155,11542971.08,0
2026-08-09 22:00:00+00:00,65192.99,65474.46,64971.41,65077.13,941.55321,2026-08-09 22:59:59.999000+00:00,61418930.2,114413,455.67198,29740222.34,0
2026-08-09 23:00:00+00:00,65077.13,65108,64842.59,64901.59,421.42323,2026-08-09 23:59:59.999000+00:00,27365969.67,96181,195.17106,12672032.85,0
2026-08-10 00:00:00+00:00,64901.59,65322.58,64826.78,64968.01,556.44925,2026-08-10 00:59:59.999000+00:00,36189664.84,129770,279.83057,18201154.97,0
2026-08-10 01:00:00+00:00,64968.21,65391.14,64900,65189.99,410.26148,2026-08-10 01:59:59.999000+00:00,26713004.97,81073,222.23672,14471582.68,0
2026-08-10 02:00:00+00:00,65190,65220,64903.54,65099.99,432.7132,2026-08-10 02:59:59.999000+00:00,28159540.62,68539,235.47054,15321622.36,0
2026-08-10 03:00:00+00:00,65099.99,65172,64904.99,64982.01,335.63049,2026-08-10 03:59:59.999000+00:00,21829164.94,60159,168.92723,10986377.2,0
2026-08-10 04:00:00+00:00,64982,65100,64924,65006.73,333.49313,2026-08-10 04:59:59.999000+00:00,21681967.1,48732,118.83558,7726129.611,0
2026-08-10 05:00:00+00:00,65006.74,65159.25,64979.88,65134,299.63603,2026-08-10 05:59:59.999000+00:00,19491225.06,48950,170.55443,11094413.01,0
2026-08-10 06:00:00+00:00,65134,65339.7,65130.01,65299.4,433.93661,2026-08-10 06:59:59.999000+00:00,28305207.95,65239,239.6334,15631081.96,0
2026-08-10 07:00:00+00:00,65299.4,65379.13,65196.53,65202.73,554.01187,2026-08-10 07:59:59.999000+00:00,36175979.94,48555,206.78916,13504151.69,0
2026-08-10 08:00:00+00:00,65202.72,65328.73,65192,65245.58,316.81156,2026-08-10 08:59:59.999000+00:00,20673178.3,34815,173.02133,11289883.77,0
2026-08-10 09:00:00+00:00,65245.59,65245.59,64958.87,64967.24,389.34609,2026-08-10 09:59:59.999000+00:00,25336383.51,70485,172.25001,11206242.73,0
2026-08-10 10:00:00+00:00,64967.25,65074.61,64967.24,65013.06,428.4961,2026-08-10 10:59:59.999000+00:00,27863777.41,63916,224.30463,14585471,0
2026-08-10 11:00:00+00:00,65013.07,65130.16,64977.93,65125.98,160.3373,2026-08-10 11:59:59.999000+00:00,10430531.83,50748,80.53757,5239082.203,0
2026-08-10 12:00:00+00:00,65125.99,65237.8,64850,64870.75,596.12387,2026-08-10 12:59:59.999000+00:00,38759023.43,112248,302.29784,19657901.06,0
2026-08-10 13:00:00+00:00,64870.74,64973.72,64518.01,64561.98,1297.24239,2026-08-10 13:59:59.999000+00:00,83998506.26,183557,667.42962,43214548.67,0
2026-08-10 14:00:00+00:00,64561.98,64888.32,64544.01,64625.77,650.29814,2026-08-10 14:59:59.999000+00:00,42085948.4,135771,399.38475,25845200.37,0
2026-08-10 15:00:00+00:00,64625.77,64711.43,64203.15,64299.99,1096.33991,2026-08-10 15:59:59.999000+00:00,70605154.16,165488,505.99853,32581408.14,0
2026-08-10 16:00:00+00:00,64299.99,64354,63830.57,63904.65,1498.06925,2026-08-10 16:59:59.999000+00:00,95990024.3,198980,619.85613,39718284.08,0
2026-08-10 17:00:00+00:00,63904.65,64027.12,63832,63953.04,1290.55418,2026-08-10 17:59:59.999000+00:00,82512322.13,126308,715.24482,45733155.86,0
2026-08-10 18:00:00+00:00,63953.04,64020.64,63806.27,63889.39,944.06538,2026-08-10 18:59:59.999000+00:00,60337032.6,104506,522.03813,33365337.61,0
2026-08-10 19:00:00+00:00,63889.39,64101.34,63888.01,64045.7,543.26284,2026-08-10 19:59:59.999000+00:00,34760142.61,73324,361.31968,23118248.96,0
2026-08-10 20:00:00+00:00,64045.7,64215.21,64023.06,64158.5,286.34235,2026-08-10 20:59:59.999000+00:00,18357151.86,59715,177.64217,11387706.47,0
2026-08-10 21:00:00+00:00,64158.49,64158.5,63987,63987,239.68387,2026-08-10 21:59:59.999000+00:00,15356579.69,46322,112.21756,7189394.621,0
2026-08-10 22:00:00+00:00,63987,64055.95,63944,64016,216.96727,2026-08-10 22:59:59.999000+00:00,13885009.39,39224,102.16728,6537919.77,0
2026-08-10 23:00:00+00:00,64015.99,64020,63920.69,63970.01,328.33621,2026-08-10 23:59:59.999000+00:00,21006038.35,37923,168.63999,10789045.93,0
2026-08-11 00:00:00+00:00,63970.01,64058,63895.64,64040,690.26826,2026-08-11 00:59:59.999000+00:00,44159327.85,66218,359.47253,22996519.22,0
2026-08-11 01:00:00+00:00,64040.01,64080.1,63958.2,64060.8,355.07512,2026-08-11 01:59:59.999000+00:00,22740099.08,49705,193.08035,12365614.35,0
2026-08-11 02:00:00+00:00,64060.8,64086,64030,64044.59,263.24469,2026-08-11 02:59:59.999000+00:00,16861693.43,26971,79.1078,5066945.445,0
2026-08-11 03:00:00+00:00,64044.6,64176,64044.59,64155.01,524.13513,2026-08-11 03:59:59.999000+00:00,33614761.3,34345,297.82223,19099848.09,0
2026-08-11 04:00:00+00:00,64155,64159.65,64021.02,64023.51,360.17249,2026-08-11 04:59:59.999000+00:00,23085546.14,21216,89.55109,5740543.15,0
2026-08-11 05:00:00+00:00,64023.51,64051.93,63964,64000,217.31247,2026-08-11 05:59:59.999000+00:00,13910900.73,31560,86.31271,5525297.193,0
2026-08-11 06:00:00+00:00,64000,64050.43,63852,63969.28,681.87714,2026-08-11 06:59:59.999000+00:00,43597802.06,51622,311.97687,19947946.76,0
2026-08-11 07:00:00+00:00,63969.29,64108,63911.09,64065.99,380.83043,2026-08-11 07:59:59.999000+00:00,24377640.89,55232,232.51542,14884801.97,0
2026-08-11 08:00:00+00:00,64066,64148.78,64044.72,64136.41,168.66039,2026-08-11 08:59:59.999000+00:00,10809046.46,27701,81.37712,5215453.814,0
2026-08-11 09:00:00+00:00,64136.41,64300,64121.51,64300,453.24003,2026-08-11 09:59:59.999000+00:00,29097744.79,45575,238.63816,15324243.77,0
2026-08-11 10:00:00+00:00,64300,64312.7,64200,64233.23,408.12036,2026-08-11 10:59:59.999000+00:00,26227878.07,50713,178.26497,11456347.06,0
2026-08-11 11:00:00+00:00,64233.23,64400,64233.23,64389.57,538.09782,2026-08-11 11:59:59.999000+00:00,34623260.62,44297,297.30225,19126758.27,0
2026-08-11 12:00:00+00:00,64389.58,64515.43,64274.57,64330.01,714.43565,2026-08-11 12:59:59.999000+00:00,45994218.38,69245,371.25992,23908961.9,0
2026-08-11 13:00:00+00:00,64330,64368.42,64050,64200.28,1390.7479,2026-08-11 13:59:59.999000+00:00,89249795.68,163982,494.89931,31761308.1,0
2026-08-11 14:00:00+00:00,64200.29,64263.83,63714.75,63770.03,985.02313,2026-08-11 14:59:59.999000+00:00,62994751.79,176212,425.23397,27200058.49,0
2026-08-11 15:00:00+00:00,63770.03,63868,63451,63609.87,1286.57237,2026-08-11 15:59:59.999000+00:00,81921887.37,194682,648.54505,41307730.35,0
2026-08-11 16:00:00+00:00,63609.86,63660,63459.54,63512.59,740.82749,2026-08-11 16:59:59.999000+00:00,47098007.78,112264,473.91167,30127639.62,0
2026-08-11 17:00:00+00:00,63512.59,63632.94,63461.88,63607.88,482.84238,2026-08-11 17:59:59.999000+00:00,30682926.48,74539,310.62804,19738335.63,0
2026-08-11 18:00:00+00:00,63607.87,63626.03,63251.59,63373.07,749.01907,2026-08-11 18:59:59.999000+00:00,47506703.41,94536,357.26377,22662971.4,0
2026-08-11 19:00:00+00:00,63373.07,63536,63238,63536,452.04779,2026-08-11 19:59:59.999000+00:00,28643558.52,76848,302.04011,19138129.42,0
2026-08-11 20:00:00+00:00,63536,63748.37,63536,63740,321.5572,2026-08-11 20:59:59.999000+00:00,20471511.47,66539,179.71498,11440282.09,0
2026-08-11 21:00:00+00:00,63740,63768.58,63622,63672.73,269.417,2026-08-11 21:59:59.999000+00:00,17159077.1,48133,134.16968,8544498.086,0
2026-08-11 22:00:00+00:00,63672.73,63768,63626.25,63668.49,253.27935,2026-08-11 22:59:59.999000+00:00,16136912.94,42286,120.68302,7688900.177,0
2026-08-11 23:00:00+00:00,63668.5,63668.5,63543.55,63600,204.82882,2026-08-11 23:59:59.999000+00:00,13027143.31,36096,99.24216,6311457.186,0
2026-08-12 00:00:00+00:00,63600.01,63745.53,63534.01,63742.07,247.42097,2026-08-12 00:59:59.999000+00:00,15746303.26,55471,131.25288,8353569.603,0
2026-08-12 01:00:00+00:00,63742.07,63855.5,63698.18,63813.8,499.92358,2026-08-12 01:59:59.999000+00:00,31888646.68,58485,242.47154,15464920.61,0
2026-08-12 02:00:00+00:00,63813.8,63908.01,63730.72,63749.76,612.29132,2026-08-12 02:59:59.999000+00:00,39090037.87,54365,368.24341,23509701.62,0
2026-08-12 03:00:00+00:00,63749.77,63845.91,63709.85,63835.59,538.85374,2026-08-12 03:59:59.999000+00:00,34362090.64,50947,281.47078,17953244.57,0
2026-08-12 04:00:00+00:00,63835.58,63891.42,63739.99,63769.58,568.35931,2026-08-12 04:59:59.999000+00:00,36254518.57,47129,246.19622,15701249.23,0
2026-08-12 05:00:00+00:00,63769.58,63869.56,63724.25,63849.94,540.4656,2026-08-12 05:59:59.999000+00:00,34504909.42,45253,290.64965,18554504.22,0
2026-08-12 06:00:00+00:00,63849.94,63849.94,63606.15,63711.97,563.28705,2026-08-12 06:59:59.999000+00:00,35879821.42,72358,296.41558,18874298.96,0
2026-08-12 07:00:00+00:00,63711.97,63838,63644.1,63837.99,458.43036,2026-08-12 07:59:59.999000+00:00,29220407.2,42636,375.26092,23919190.73,0
2026-08-12 08:00:00+00:00,63838,63867.2,63773.98,63794.94,303.11959,2026-08-12 08:59:59.999000+00:00,19343285.84,50616,139.19523,8882126.943,0
2026-08-12 09:00:00+00:00,63794.95,64130.47,63768.01,64108.81,553.52986,2026-08-12 09:59:59.999000+00:00,35428690.17,101679,324.19366,20751894.04,0
2026-08-12 10:00:00+00:00,64108.82,64218,64059.99,64143.36,996.13758,2026-08-12 10:59:59.999000+00:00,63874902.93,96007,272.21381,17453572.23,0
2026-08-12 11:00:00+00:00,64143.36,64249.5,64113.5,64240.04,414.30431,2026-08-12 11:59:59.999000+00:00,26595192.67,53021,222.09048,14256246.79,0
2026-08-12 12:00:00+00:00,64240.04,64500,63976.37,64119.71,1297.05947,2026-08-12 12:59:59.999000+00:00,83318617.67,185766,581.05299,37338706.8,0
2026-08-12 13:00:00+00:00,64119.72,64159.36,63840,63840,727.44098,2026-08-12 13:59:59.999000+00:00,46537810.12,189248,370.83603,23722546.99,0
2026-08-12 14:00:00+00:00,63840,63926.13,63362.74,63363.39,1163.88428,2026-08-12 14:59:59.999000+00:00,74062036.71,242011,519.22792,33043180.52,0
2026-08-12 15:00:00+00:00,63363.39,63570.01,63316,63441.47,771.05562,2026-08-12 15:59:59.999000+00:00,48939917.29,132695,464.2863,29467144.81,0
2026-08-12 16:00:00+00:00,63441.48,63578,63368.35,63492.12,487.79219,2026-08-12 16:59:59.999000+00:00,30961731.72,86946,299.81067,19030627.1,0
2026-08-12 17:00:00+00:00,63492.12,63556,63416.4,63471,292.36777,2026-08-12 17:59:59.999000+00:00,18561792.44,55289,170.13157,10801076.47,0
2026-08-12 18:00:00+00:00,63470.99,63522.56,63373.97,63386.59,396.92257,2026-08-12 18:59:59.999000+00:00,25176254.36,56178,224.5863,14245025.17,0
2026-08-12 19:00:00+00:00,63386.58,63465.13,63310.34,63421.11,381.53313,2026-08-12 19:59:59.999000+00:00,24181562.17,68460,180.08684,11414067.04,0
2026-08-12 20:00:00+00:00,63421.11,63600,63421.11,63599.99,307.26199,2026-08-12 20:59:59.999000+00:00,19513911.33,69016,188.98199,12000488.97,0
2026-08-12 21:00:00+00:00,63600,63661.24,63421.61,63469.83,267.57645,2026-08-12 21:59:59.999000+00:00,17001557.31,65547,123.4787,7846654.097,0
2026-08-12 22:00:00+00:00,63469.84,63536,63370,63432.28,240.00896,2026-08-12 22:59:59.999000+00:00,15227864.5,57291,130.06223,8251403.022,0
2026-08-12 23:00:00+00:00,63432.28,63482.89,63378.23,63479.99,998.04154,2026-08-12 23:59:59.999000+00:00,63291271.9,54085,551.63056,34978500.5,0
2026-08-13 00:00:00+00:00,63479.99,63717.31,63460.32,63556.92,406.77009,2026-08-13 00:59:59.999000+00:00,25862713.16,70756,235.14697,14952114.95,0
2026-08-13 01:00:00+00:00,63556.91,63631.67,63382.45,63456.11,317.88444,2026-08-13 01:59:59.999000+00:00,20180200.62,68777,159.67562,10135967.81,0
2026-08-13 02:00:00+00:00,63456.1,63582,63380,63550.01,458.1649,2026-08-13 02:59:59.999000+00:00,29074982.82,59721,286.82641,18201239.12,0
2026-08-13 03:00:00+00:00,63550.01,63686.4,63514.21,63646.99,401.71819,2026-08-13 03:59:59.999000+00:00,25547102.84,59441,182.3,11593235.33,0
2026-08-13 04:00:00+00:00,63647,63778,63591.56,63693.74,223.42484,2026-08-13 04:59:59.999000+00:00,14228415.04,47062,108.33255,6899799.767,0
2026-08-13 05:00:00+00:00,63693.73,64010,63671.64,63878,500.10882,2026-08-13 05:59:59.999000+00:00,31968099.9,88932,260.1372,16627393.2,0
2026-08-13 06:00:00+00:00,63878.01,63942.36,63757.47,63942.35,256.03719,2026-08-13 06:59:59.999000+00:00,16345965.88,57503,108.86812,6950042.078,0
2026-08-13 07:00:00+00:00,63942.36,63947.09,63856.13,63865.84,533.09585,2026-08-13 07:59:59.999000+00:00,34057425.43,54224,388.51059,24820215.23,0
2026-08-13 08:00:00+00:00,63865.84,63915,63742,63766.8,439.81868,2026-08-13 08:59:59.999000+00:00,28068936.07,34954,191.01179,12190721.41,0
2026-08-13 09:00:00+00:00,63766.8,63786.49,63587.99,63782.64,337.82326,2026-08-13 09:59:59.999000+00:00,21517280.48,48123,209.46632,13341847.11,0
2026-08-13 10:00:00+00:00,63782.65,63818.16,63586,63651.19,317.79982,2026-08-13 10:59:59.999000+00:00,20231352.63,53154,118.17377,7522400.177,0
2026-08-13 11:00:00+00:00,63651.2,63660.76,63350,63484.3,355.63538,2026-08-13 11:59:59.999000+00:00,22580503.89,73629,163.16174,10358935.78,0
2026-08-13 12:00:00+00:00,63484.31,63710,63450,63697.76,384.47294,2026-08-13 12:59:59.999000+00:00,24441441.37,78708,213.5408,13574089.26,0
2026-08-13 13:00:00+00:00,63697.76,63850,63566,63724,561.86509,2026-08-13 13:59:59.999000+00:00,35809337.28,150420,254.61481,16226424.69,0
2026-08-13 14:00:00+00:00,63723.99,63999,63686,63859.45,669.38212,2026-08-13 14:59:59.999000+00:00,42755872.81,148001,389.1279,24856112.64,0
2026-08-13 15:00:00+00:00,63859.46,63940.08,63420,63420.01,505.15868,2026-08-13 15:59:59.999000+00:00,32180488.02,147692,251.76594,16037236.49,0
2026-08-13 16:00:00+00:00,63420.01,63568.97,62802.27,63160.13,1752.37181,2026-08-13 16:59:59.999000+00:00,110707991.9,270783,790.4043,49949281.78,0
2026-08-13 17:00:00+00:00,63160.13,63294.61,63074.44,63144.38,644.48394,2026-08-13 17:59:59.999000+00:00,40713542.95,166027,332.09058,20977241.66,0
2026-08-13 18:00:00+00:00,63144.37,63369.63,63105.44,63310,325.89181,2026-08-13 18:59:59.999000+00:00,20601795.67,93018,182.53913,11539786.12,0
2026-08-13 19:00:00+00:00,63310,63519.39,63310,63407.99,349.14796,2026-08-13 19:59:59.999000+00:00,22143116.15,100752,221.69414,14059832.54,0
2026-08-13 20:00:00+00:00,63408,63474.34,63368,63415.55,239.68311,2026-08-13 20:59:59.999000+00:00,15201525.63,51169,110.27658,6994091.071,0
2026-08-13 21:00:00+00:00,63415.56,63500,63390,63474,188.33344,2026-08-13 21:59:59.999000+00:00,11950084.95,48570,100.16061,6355167.682,0
2026-08-13 22:00:00+00:00,63474,63640,63473.99,63530.01,226.97651,2026-08-13 22:59:59.999000+00:00,14429017.12,60979,110.16119,7002144.555,0
2026-08-13 23:00:00+00:00,63530.01,63539.03,63400,63490.86,397.80966,2026-08-13 23:59:59.999000+00:00,25247501.67,46382,220.31486,13982913.98,0
2026-08-14 00:00:00+00:00,63490.86,63552.99,63410,63541.45,377.80366,2026-08-14 00:59:59.999000+00:00,23985967.7,79129,155.60737,9879560.848,0
2026-08-14 01:00:00+00:00,63541.45,63585.92,63458,63575.86,310.91391,2026-08-14 01:59:59.999000+00:00,19753825.01,78725,176.83279,11235956.87,0
2026-08-14 02:00:00+00:00,63575.86,63617.45,63465.38,63465.39,489.39475,2026-08-14 02:59:59.999000+00:00,31099897.29,60097,183.92396,11688053.72,0
2026-08-14 03:00:00+00:00,63465.39,63576,63301.58,63310,296.84163,2026-08-14 03:59:59.999000+00:00,18827905.21,55239,131.83991,8362712.505,0
2026-08-14 04:00:00+00:00,63310,63472.5,63276,63372.56,530.66039,2026-08-14 04:59:59.999000+00:00,33641917,47353,300.70697,19062616.08,0
2026-08-14 05:00:00+00:00,63372.56,63400.3,63286.67,63379.83,201.71573,2026-08-14 05:59:59.999000+00:00,12778256.52,53728,98.90294,6265465.889,0
2026-08-14 06:00:00+00:00,63379.83,63379.83,62942,62974.14,627.73261,2026-08-14 06:59:59.999000+00:00,39657229.72,105882,299.13351,18910295.05,0
2026-08-14 07:00:00+00:00,62974.14,63110,62920,62920.78,730.23378,2026-08-14 07:59:59.999000+00:00,46022706.24,71713,434.00697,27353956.34,0
2026-08-14 08:00:00+00:00,62920.78,62997.83,62700,62940.01,892.48443,2026-08-14 08:59:59.999000+00:00,56097063.67,120107,488.64395,30716261.28,0
2026-08-14 09:00:00+00:00,62940.01,62940.01,62744,62792.75,501.14919,2026-08-14 09:59:59.999000+00:00,31491094.68,68087,262.1989,16475216.12,0
2026-08-14 10:00:00+00:00,62792.75,62946,62739.98,62814.14,598.55074,2026-08-14 10:59:59.999000+00:00,37618971.99,77325,361.22437,22704350,0
2026-08-14 11:00:00+00:00,62814.14,62936.82,62814,62868.83,444.92265,2026-08-14 11:59:59.999000+00:00,27977825.16,70192,261.23053,16426108.07,0
2026-08-14 12:00:00+00:00,62868.83,62913.3,62726.26,62741.69,486.51649,2026-08-14 12:59:59.999000+00:00,30562838.64,95960,212.65833,13359627.53,0
2026-08-14 13:00:00+00:00,62741.68,62822.33,62605,62668,987.78817,2026-08-14 13:59:59.999000+00:00,61924547.39,199983,508.09225,31853277.17,0
2026-08-14 14:00:00+00:00,62668,62797.88,62535.24,62620.01,998.23888,2026-08-14 14:59:59.999000+00:00,62554689.65,209562,514.02979,32212933.85,0
2026-08-14 15:00:00+00:00,62620.01,63089.18,62612,62990.95,988.09918,2026-08-14 15:59:59.999000+00:00,62093824.18,168891,661.44919,41562314.4,0
2026-08-14 16:00:00+00:00,62990.94,63215.58,62966.86,63133.48,566.22185,2026-08-14 16:59:59.999000+00:00,35733550.11,123968,332.29768,20969542.78,0
2026-08-14 17:00:00+00:00,63133.49,63247.05,63000,63013.69,454.05828,2026-08-14 17:59:59.999000+00:00,28671468.12,112128,259.43027,16384563.68,0
2026-08-14 18:00:00+00:00,63013.7,63088.21,62894.85,62930.01,367.77038,2026-08-14 18:59:59.999000+00:00,23167722.86,98207,203.55574,12823357.58,0
2026-08-14 19:00:00+00:00,62930.01,62996,62830,62968.05,394.98545,2026-08-14 19:59:59.999000+00:00,24850234.36,92795,241.53283,15196383.72,0
2026-08-14 20:00:00+00:00,62968.06,63020.74,62896.85,62907.59,359.43765,2026-08-14 20:59:59.999000+00:00,22634655.28,50731,161.11764,10143796.4,0
2026-08-14 21:00:00+00:00,62907.59,62937.22,62873.25,62928.49,179.646,2026-08-14 21:59:59.999000+00:00,11300403.34,44956,91.85827,5778352.634,0
2026-08-14 22:00:00+00:00,62928.49,62957.28,62800,62886.88,226.57205,2026-08-14 22:59:59.999000+00:00,14243570.74,48343,108.63368,6828905.697,0
2026-08-14 23:00:00+00:00,62886.87,63066.13,62865.03,63043.56,329.09114,2026-08-14 23:59:59.999000+00:00,20718679.86,51429,229.36939,14439618.03,0
2026-08-15 00:00:00+00:00,63043.56,63059.5,62992.91,63019.88,208.64233,2026-08-15 00:59:59.999000+00:00,13148086.92,32855,108.62571,6845012.027,0
2026-08-15 01:00:00+00:00,63019.89,63051.78,62993.57,63045.13,485.23532,2026-08-15 01:59:59.999000+00:00,30581587.88,24028,239.33695,15084064.03,0
2026-08-15 02:00:00+00:00,63045.14,63134.82,63035.95,63134.41,243.54429,2026-08-15 02:59:59.999000+00:00,15361695.21,27897,164.16356,10354250.94,0
2026-08-15 03:00:00+00:00,63134.41,63187.98,63039.99,63051.25,184.46775,2026-08-15 03:59:59.999000+00:00,11637579.72,25606,59.96156,3783259.483,0
2026-08-15 04:00:00+00:00,63051.25,63151.65,63051.25,63122,172.30243,2026-08-15 04:59:59.999000+00:00,10872104.47,15288,119.00681,7508387.181,0
2026-08-15 05:00:00+00:00,63122.01,63155.76,63039.99,63089,213.28052,2026-08-15 05:59:59.999000+00:00,13454468.24,18478,136.91231,8635718.369,0
2026-08-15 06:00:00+00:00,63089,63134.84,63027.89,63114.68,373.75318,2026-08-15 06:59:59.999000+00:00,23572234.7,23100,157.66585,9944249.062,0
2026-08-15 07:00:00+00:00,63114.68,63134.83,63042,63075.43,688.73174,2026-08-15 07:59:59.999000+00:00,43454604.67,36468,386.4608,24383154.47,0
2026-08-15 08:00:00+00:00,63075.43,63085.8,62933.71,62935.72,177.99645,2026-08-15 08:59:59.999000+00:00,11219751.99,20855,84.25998,5313276.039,0
2026-08-15 09:00:00+00:00,62935.72,63045.83,62920,63030.38,183.99371,2026-08-15 09:59:59.999000+00:00,11589045.06,22230,133.27109,8394649.361,0
2026-08-15 10:00:00+00:00,63030.39,63051.74,63002.12,63046.1,79.58111,2026-08-15 10:59:59.999000+00:00,5015947.191,15132,40.95784,2581565.468,0
2026-08-15 11:00:00+00:00,63046.1,63054.69,62996.85,63022.01,175.71191,2026-08-15 11:59:59.999000+00:00,11074437.56,17915,66.73737,4206094.189,0
2026-08-15 12:00:00+00:00,63022.01,63055.36,62946.58,63050.13,109.73402,2026-08-15 12:59:59.999000+00:00,6912186.926,18296,42.12095,2653150.395,0
2026-08-15 13:00:00+00:00,63050.12,63080.88,63028.11,63060.35,132.2968,2026-08-15 13:59:59.999000+00:00,8341373.298,27293,76.59221,4829217.301,0
2026-08-15 14:00:00+00:00,63060.34,63060.35,62996.77,63040,244.03751,2026-08-15 14:59:59.999000+00:00,15383663.54,18588,106.13824,6690832.87,0
2026-08-15 15:00:00+00:00,63040.01,63120.09,63032,63100.55,214.37562,2026-08-15 15:59:59.999000+00:00,13522645.13,24069,153.65535,9692244.821,0
2026-08-15 16:00:00+00:00,63100.55,63124.99,63066.73,63096.63,202.83972,2026-08-15 16:59:59.999000+00:00,12797516.66,28765,143.1142,9028868.775,0
2026-08-15 17:00:00+00:00,63096.62,63100.69,63066.21,63070.5,96.56413,2026-08-15 17:59:59.999000+00:00,6091143.846,13868,47.80332,3015156.371,0
2026-08-15 18:00:00+00:00,63070.49,63115.58,63044.37,63057.58,294.79086,2026-08-15 18:59:59.999000+00:00,18589365.6,24314,210.40207,13267617.85,0
2026-08-15 19:00:00+00:00,63057.58,63127.4,63057.57,63126.08,516.06271,2026-08-15 19:59:59.999000+00:00,32562056.1,38007,411.38463,25957138.86,0
2026-08-15 20:00:00+00:00,63126.07,63126.08,63076.96,63103.29,55.31906,2026-08-15 20:59:59.999000+00:00,3490364.929,14889,28.52719,1799730.918,0
2026-08-15 21:00:00+00:00,63103.29,63168.95,63103.29,63159.04,170.99952,2026-08-15 21:59:59.999000+00:00,10797644.34,24950,105.64609,6671001.11,0
2026-08-15 22:00:00+00:00,63159.04,63175,63135.52,63135.52,95.56932,2026-08-15 22:59:59.999000+00:00,6035519.599,15284,48.76913,3079854.162,0
2026-08-15 23:00:00+00:00,63135.52,63139.96,63086,63086.01,85.33037,2026-08-15 23:59:59.999000+00:00,5385608.789,12138,39.0069,2461975.437,0
2026-08-16 00:00:00+00:00,63086.01,63086.01,63061.47,63085.82,94.57372,2026-08-16 00:59:59.999000+00:00,5965050.748,12824,51.08367,3222009.959,0
2026-08-16 01:00:00+00:00,63085.81,63085.82,63012,63084.78,180.55557,2026-08-16 01:59:59.999000+00:00,11386072.71,20465,112.49079,7093977.791,0
2026-08-16 02:00:00+00:00,63084.78,63151.59,63024.22,63121.91,245.34897,2026-08-16 02:59:59.999000+00:00,15485992.81,26865,105.20919,6639901.853,0
2026-08-16 03:00:00+00:00,63121.92,63130.01,63115.61,63130,105.94774,2026-08-16 03:59:59.999000+00:00,6687744.622,8652,46.09161,2909418.804,0
2026-08-16 04:00:00+00:00,63130.01,63158.8,63090,63090.01,130.32114,2026-08-16 04:59:59.999000+00:00,8227242.122,15922,71.44233,4510339.931,0
2026-08-16 05:00:00+00:00,63090,63094,63040,63069.43,235.12057,2026-08-16 05:59:59.999000+00:00,14827069.36,13694,100.37387,6329163.864,0
2026-08-16 06:00:00+00:00,63069.43,63083.79,63043.21,63069.31,280.31849,2026-08-16 06:59:59.999000+00:00,17677279.5,14141,149.5137,9428251.292,0
2026-08-16 07:00:00+00:00,63069.32,63069.32,63054.34,63061.02,146.93998,2026-08-16 07:59:59.999000+00:00,9266033.394,9244,75.35366,4751752.36,0
2026-08-16 08:00:00+00:00,63061.03,63079.76,63061.02,63072.42,108.9221,2026-08-16 08:59:59.999000+00:00,6869491.731,6828,72.38107,4564818.974,0
2026-08-16 09:00:00+00:00,63072.43,63072.43,62968.45,62992.69,290.93169,2026-08-16 09:59:59.999000+00:00,18336992.6,17494,150.65501,9494412.323,0
2026-08-16 10:00:00+00:00,62992.68,63013.62,62968.45,63008.57,133.29459,2026-08-16 10:59:59.999000+00:00,8396031.071,16512,89.41751,5631934.933,0
2026-08-16 11:00:00+00:00,63008.56,63013.66,62981.93,63013.66,213.61707,2026-08-16 11:59:59.999000+00:00,13457010.01,19833,131.13513,8260664.867,0
2026-08-16 12:00:00+00:00,63013.66,63025.42,62997.77,63021.98,78.74312,2026-08-16 12:59:59.999000+00:00,4961802.478,12065,44.12561,2780450.919,0
2026-08-16 13:00:00+00:00,63021.99,63070.05,63021.98,63060.01,146.76198,2026-08-16 13:59:59.999000+00:00,9255031.078,14107,84.95573,5357174.908,0
2026-08-16 14:00:00+00:00,63060.01,63102.86,63060,63102.85,159.23473,2026-08-16 14:59:59.999000+00:00,10045109.29,21068,87.00191,5488342.297,0
2026-08-16 15:00:00+00:00,63102.86,63146.4,63102.86,63146.39,173.3934,2026-08-16 15:59:59.999000+00:00,10945395.54,22199,83.4853,5269946.224,0
2026-08-16 16:00:00+00:00,63146.39,63390,63137.35,63260.01,394.04188,2026-08-16 16:59:59.999000+00:00,24931182.3,66967,202.69531,12824082.51,0
2026-08-16 17:00:00+00:00,63260,63276.61,63120.22,63159.3,190.81967,2026-08-16 17:59:59.999000+00:00,12058822.33,30109,75.73955,4786184.366,0
2026-08-16 18:00:00+00:00,63159.31,63173.71,63120,63140.06,89.92171,2026-08-16 18:59:59.999000+00:00,5678772.818,16699,40.97404,2587603.543,0
2026-08-16 19:00:00+00:00,63140.05,63230,63100.89,63108.81,186.2917,2026-08-16 19:59:59.999000+00:00,11768388.57,33299,113.27619,7156082.978,0
2026-08-16 20:00:00+00:00,63108.8,63140,63027.6,63067.79,122.98382,2026-08-16 20:59:59.999000+00:00,7758206.706,27453,65.68412,4143086.335,0
2026-08-16 21:00:00+00:00,63067.79,63085.15,62754,62929.61,328.59983,2026-08-16 21:59:59.999000+00:00,20680626.55,71458,155.77806,9805116.79,0
2026-08-16 22:00:00+00:00,62929.61,62954,62716,62913.7,453.8874,2026-08-16 22:59:59.999000+00:00,28517846.75,88387,248.60061,15621572.22,0
2026-08-16 23:00:00+00:00,62913.7,62993.77,62830,62900,246.66048,2026-08-16 23:59:59.999000+00:00,15514853.46,54009,140.57158,8841538.223,0
2026-08-17 00:00:00+00:00,62900,62956,62751.1,62917.54,577.24276,2026-08-17 00:59:59.999000+00:00,36285545.38,88478,255.32693,16048792.08,0
2026-08-17 01:00:00+00:00,62917.54,63246.91,62896,63116.12,495.52019,2026-08-17 01:59:59.999000+00:00,31281504.69,144653,281.76915,17784814.42,0
2026-08-17 02:00:00+00:00,63116.12,63500,63037.09,63403.34,459.80516,2026-08-17 02:59:59.999000+00:00,29100745.97,107734,250.6033,15860433.88,0
2026-08-17 03:00:00+00:00,63403.33,63520,63339.78,63429.21,637.65934,2026-08-17 03:59:59.999000+00:00,40420208.74,58474,298.93357,18950254.66,0
2026-08-17 04:00:00+00:00,63429.21,63580,63429.21,63532.44,714.19197,2026-08-17 04:59:59.999000+00:00,45352804.05,53738,381.55973,24228653.08,0
2026-08-17 05:00:00+00:00,63532.43,63594.76,63446.59,63520.18,770.70619,2026-08-17 05:59:59.999000+00:00,48950194.85,44253,347.99792,22100483.64,0
2026-08-17 06:00:00+00:00,63520.18,63717.17,63477.95,63667.99,312.69187,2026-08-17 06:59:59.999000+00:00,19888108.13,60567,146.54017,9320329.664,0
2026-08-17 07:00:00+00:00,63668,63668,63500,63514.45,696.41924,2026-08-17 07:59:59.999000+00:00,44260624.88,54190,254.76354,16190458.58,0
2026-08-17 08:00:00+00:00,63514.45,63545.08,63350,63380.84,520.36494,2026-08-17 08:59:59.999000+00:00,33011742.75,43940,282.85448,17943218.81,0
2026-08-17 09:00:00+00:00,63380.83,63428,63295,63323.96,311.26926,2026-08-17 09:59:59.999000+00:00,19719661.42,39221,183.60794,11632080.53,0
2026-08-17 10:00:00+00:00,63323.97,63694.26,63300.25,63692.21,683.00101,2026-08-17 10:59:59.999000+00:00,43379286.47,83251,400.27783,25416191.89,0
2026-08-17 11:00:00+00:00,63692.2,63781.69,63587.05,63631.1,428.28018,2026-08-17 11:59:59.999000+00:00,27269809.47,64642,178.86329,11388789.95,0
2026-08-17 12:00:00+00:00,63631.11,63680,63533.06,63554.69,405.66003,2026-08-17 12:59:59.999000+00:00,25799382.36,79468,172.31084,10958881.63,0
2026-08-17 13:00:00+00:00,63554.7,63799.64,63444.17,63672.36,585.29579,2026-08-17 13:59:59.999000+00:00,37244441.17,145130,289.0495,18396208.88,0
2026-08-17 14:00:00+00:00,63672.37,63904.76,63588,63902.63,583.47166,2026-08-17 14:59:59.999000+00:00,37167087.18,134653,330.61487,21063898.28,0
2026-08-17 15:00:00+00:00,63902.63,64227.27,63812.35,64200,1356.1435,2026-08-17 15:59:59.999000+00:00,86813936.52,165509,676.50987,43310391.84,0
2026-08-17 16:00:00+00:00,64200,64216.42,64058,64115.76,671.84426,2026-08-17 16:59:59.999000+00:00,43078867.31,99868,282.93479,18141294.85,0
2026-08-17 17:00:00+00:00,64115.76,64425,63979.3,64325.99,1418.9831,2026-08-17 17:59:59.999000+00:00,91141125.17,201229,801.03085,51448256.06,0
2026-08-17 18:00:00+00:00,64325.99,64610.01,64280.49,64428.87,1040.45275,2026-08-17 18:59:59.999000+00:00,67057803.97,156434,590.7855,38077816.04,0
2026-08-17 19:00:00+00:00,64428.88,64428.88,64288.35,64309.96,452.68874,2026-08-17 19:59:59.999000+00:00,29136181.01,83501,203.14939,13074666.82,0
2026-08-17 20:00:00+00:00,64309.95,64434,64266,64392.73,244.13801,2026-08-17 20:59:59.999000+00:00,15710189.83,61012,118.5969,7630697.359,0
2026-08-17 21:00:00+00:00,64392.72,64434.76,64296,64382.02,218.14648,2026-08-17 21:59:59.999000+00:00,14042003.06,47226,96.53972,6213863.066,0
2026-08-17 22:00:00+00:00,64382.02,64416,64283.49,64291.25,321.62233,2026-08-17 22:59:59.999000+00:00,20687265.37,39837,188.1001,12098016.05,0
2026-08-17 23:00:00+00:00,64291.26,64578,64288.24,64532.1,350.04837,2026-08-17 23:59:59.999000+00:00,22567531.32,54248,174.1908,11229531.14,0
2026-08-18 00:00:00+00:00,64532.11,64568.46,64367.27,64383.71,332.9031,2026-08-18 00:59:59.999000+00:00,21454054.57,60012,146.54079,9442756.213,0
2026-08-18 01:00:00+00:00,64383.72,64387.71,64156,64200.06,378.48537,2026-08-18 01:59:59.999000+00:00,24336175.61,63601,190.53167,12252877.35,0
2026-08-18 02:00:00+00:00,64200.06,64272,64048,64103.22,442.34864,2026-08-18 02:59:59.999000+00:00,28379212.17,76898,187.88031,12052621.96,0
2026-08-18 03:00:00+00:00,64103.22,64195.45,64047.73,64185.01,577.49413,2026-08-18 03:59:59.999000+00:00,37033375.99,45547,328.25737,21050861.21,0
2026-08-18 04:00:00+00:00,64185,64250.69,64090,64210.32,739.25374,2026-08-18 04:59:59.999000+00:00,47446813.5,41974,368.67829,23662811.12,0
2026-08-18 05:00:00+00:00,64210.33,64276,64140,64242.76,1323.90812,2026-08-18 05:59:59.999000+00:00,85022459.18,70644,697.01088,44760239.52,0
2026-08-18 06:00:00+00:00,64242.76,64446,64170,64318.03,694.7657,2026-08-18 06:59:59.999000+00:00,44682782.48,80450,305.35445,19636314.31,0
2026-08-18 07:00:00+00:00,64318.03,64350,64164,64198.97,394.05527,2026-08-18 07:59:59.999000+00:00,25320600.21,60261,148.85564,9564257.743,0
2026-08-18 08:00:00+00:00,64198.97,64336,64087.98,64296.02,402.40674,2026-08-18 08:59:59.999000+00:00,25846827.59,66718,183.34539,11776125.67,0
2026-08-18 09:00:00+00:00,64296.01,64296.01,64140,64171.95,269.49893,2026-08-18 09:59:59.999000+00:00,17299989.7,45561,90.57435,5813818.663,0
2026-08-18 10:00:00+00:00,64171.95,64216,64123.42,64202.8,219.75251,2026-08-18 10:59:59.999000+00:00,14102515,35892,97.35214,6247692.367,0
2026-08-18 11:00:00+00:00,64202.81,64402.35,64192.42,64351.19,310.52659,2026-08-18 11:59:59.999000+00:00,19977742.44,48834,160.74723,10340291.55,0
2026-08-18 12:00:00+00:00,64351.18,64355.64,64218.45,64230.02,236.94493,2026-08-18 12:59:59.999000+00:00,15231843,40301,106.20542,6827293.341,0
2026-08-18 13:00:00+00:00,64230.02,64284,64027.85,64219.99,1179.78725,2026-08-18 13:59:59.999000+00:00,75678917.75,126163,595.3798,38190395.79,0
2026-08-18 14:00:00+00:00,64219.99,65058.81,64219.99,64714.16,1757.31459,2026-08-18 14:59:59.999000+00:00,113790684.5,251794,1085.36158,70288098.97,0
2026-08-18 15:00:00+00:00,64714.16,64888,64652,64855.06,513.17463,2026-08-18 15:59:59.999000+00:00,33252775.05,123676,228.34888,14796033.85,0
2026-08-18 16:00:00+00:00,64855.06,64891.81,64675.5,64840,419.07089,2026-08-18 16:59:59.999000+00:00,27151200.79,76505,176.3823,11428016.09,0
2026-08-18 17:00:00+00:00,64840,64840.01,64670.02,64670.02,400.18777,2026-08-18 17:59:59.999000+00:00,25919257.96,60838,155.6478,10080715.99,0
2026-08-18 18:00:00+00:00,64670.02,64822,64656,64772,219.3896,2026-08-18 18:59:59.999000+00:00,14206272.97,35455,116.2689,7528250.127,0
2026-08-18 19:00:00+00:00,64771.99,64796,64642.36,64643.26,185.09854,2026-08-18 19:59:59.999000+00:00,11978365.37,38499,68.98168,4463718.714,0
2026-08-18 20:00:00+00:00,64643.27,64654.87,64568,64582.39,191.92081,2026-08-18 20:59:59.999000+00:00,12401073.62,44252,70.67045,4566354.504,0
2026-08-18 21:00:00+00:00,64582.38,64653.97,64571.48,64604.58,187.67225,2026-08-18 21:59:59.999000+00:00,12124743.9,40680,60.18888,3888456.109,0
2026-08-18 22:00:00+00:00,64604.58,64648,64562.25,64634,200.09422,2026-08-18 22:59:59.999000+00:00,12927083.11,37209,92.86291,5999385.485,0
2026-08-18 23:00:00+00:00,64634,64780,64631.15,64725.42,213.8588,2026-08-18 23:59:59.999000+00:00,13840563.34,36255,97.82201,6330741.985,0
2026-08-19 00:00:00+00:00,64725.42,64736.27,64488,64488,247.80518,2026-08-19 00:59:59.999000+00:00,16009811.62,68139,105.08919,6789187.721,0
2026-08-19 01:00:00+00:00,64488,64551.47,64389.27,64400.48,314.2814,2026-08-19 01:59:59.999000+00:00,20261820.14,75477,184.17169,11875012.69,0
2026-08-19 02:00:00+00:00,64400.47,64414.65,64350,64351.9,547.93834,2026-08-19 02:59:59.999000+00:00,35282299.57,54869,267.44222,17220530.66,0
2026-08-19 03:00:00+00:00,64351.86,64414,64278,64330.71,258.70445,2026-08-19 03:59:59.999000+00:00,16645879.68,59844,139.59508,8982380.292,0
2026-08-19 04:00:00+00:00,64330.7,64391.8,64293.43,64316.22,402.06932,2026-08-19 04:59:59.999000+00:00,25874122.97,36820,190.81226,12278598.96,0
2026-08-19 05:00:00+00:00,64316.22,64409.93,64236,64236.01,258.31718,2026-08-19 05:59:59.999000+00:00,16619607.45,39791,103.37039,6651121.438,0
2026-08-19 06:00:00+00:00,64236.01,64344,64166,64339.8,531.39508,2026-08-19 06:59:59.999000+00:00,34151339.4,60116,294.43973,18922041.19,0
2026-08-19 07:00:00+00:00,64339.8,64395.78,64271.78,64296,630.66386,2026-08-19 07:59:59.999000+00:00,40576794.03,48190,348.62425,22429447.2,0
2026-08-19 08:00:00+00:00,64296.01,64510.95,64255,64413.95,381.23164,2026-08-19 08:59:59.999000+00:00,24535506.81,49947,149.99439,9656602.409,0
2026-08-19 09:00:00+00:00,64413.95,64470.66,64360.7,64427.06,228.1951,2026-08-19 09:59:59.999000+00:00,14697556.3,37034,104.20858,6711485.786,0
2026-08-19 10:00:00+00:00,64427.07,64456.71,64373.24,64456.71,262.84871,2026-08-19 10:59:59.999000+00:00,16929996,27343,80.88625,5209751.645,0
2026-08-19 11:00:00+00:00,64456.71,64539.05,64454.99,64515.63,286.02228,2026-08-19 11:59:59.999000+00:00,18448140.01,36462,149.21185,9623766.18,0
2026-08-19 12:00:00+00:00,64515.62,64988,64474.86,64882.15,785.09851,2026-08-19 12:59:59.999000+00:00,50852075.43,116151,460.69216,29834832.36,0
2026-08-19 13:00:00+00:00,64882.15,65217.86,64793.29,65012.12,1619.46727,2026-08-19 13:59:59.999000+00:00,105299099.6,246571,870.12193,56584764.92,0
2026-08-19 14:00:00+00:00,65012.12,65970,65012.11,65923.21,2365.56793,2026-08-19 14:59:59.999000+00:00,154967720.4,301443,1347.50612,88268633.39,0
2026-08-19 15:00:00+00:00,65923.21,69500,65892,68554,9262.86965,2026-08-19 15:59:59.999000+00:00,628407752,912256,5403.48536,366517302.3,0
2026-08-19 16:00:00+00:00,68554,68997,68416.36,68465.27,2013.58518,2026-08-19 16:59:59.999000+00:00,138290006.6,293998,1091.87285,74988989.17,0
2026-08-19 17:00:00+00:00,68465.26,68546.22,67825.03,68197.29,1708.46485,2026-08-19 17:59:59.999000+00:00,116455445.9,233345,827.32457,56407870.36,0
2026-08-19 18:00:00+00:00,68197.3,68453.43,68042,68395.99,626.01288,2026-08-19 18:59:59.999000+00:00,42733132,158947,306.4765,20921125.47,0
2026-08-19 19:00:00+00:00,68396,68483.52,68103.71,68429.44,730.52396,2026-08-19 19:59:59.999000+00:00,49910933.39,166995,374.32549,25571161.23,0
2026-08-19 20:00:00+00:00,68429.44,69579.99,68390,69048.06,1419.23549,2026-08-19 20:59:59.999000+00:00,97892936.53,240223,760.74984,52469215.14,0
2026-08-19 21:00:00+00:00,69048.06,70000,68984.78,69709.46,2102.52662,2026-08-19 21:59:59.999000+00:00,146332047.9,480774,1143.88502,79648196.13,0
2026-08-19 22:00:00+00:00,69709.47,69833.99,68980,69258.9,1240.65644,2026-08-19 22:59:59.999000+00:00,86005605.75,246594,542.06606,37576722.58,0
2026-08-19 23:00:00+00:00,69258.9,69453.88,69160,69334.79,830.81844,2026-08-19 23:59:59.999000+00:00,57589509.55,169267,400.51349,27760529.34,0
2026-08-20 00:00:00+00:00,69334.78,69793.21,69314.01,69420,1392.50902,2026-08-20 00:59:59.999000+00:00,96866466.45,233807,832.55501,57905527.84,0
2026-08-20 01:00:00+00:00,69420,69894.5,69283.25,69721.92,864.23959,2026-08-20 01:59:59.999000+00:00,60085856.09,166324,484.97145,33718949.64,0
2026-08-20 02:00:00+00:00,69721.92,69824,69268,69301.27,929.59108,2026-08-20 02:59:59.999000+00:00,64652716.91,172766,403.14172,28030612.93,0
2026-08-20 03:00:00+00:00,69301.27,69340,68902.22,69195.64,941.77624,2026-08-20 03:59:59.999000+00:00,65081589.92,179308,480.77265,33224904.84,0
2026-08-20 04:00:00+00:00,69195.64,69599.01,69166,69492.01,712.36152,2026-08-20 04:59:59.999000+00:00,49401587.66,127113,404.43052,28046319.19,0
2026-08-20 05:00:00+00:00,69492,69668,69349.16,69406.54,1261.47615,2026-08-20 05:59:59.999000+00:00,87669940.52,171545,485.51103,33747030.91,0
2026-08-20 06:00:00+00:00,69406.53,69927.97,69336.97,69851.99,1346.47743,2026-08-20 06:59:59.999000+00:00,93621817.04,191879,600.01128,41739262.94,0
2026-08-20 07:00:00+00:00,69851.99,70022,69506.91,69816.45,2107.14536,2026-08-20 07:59:59.999000+00:00,146891333.7,202651,966.79775,67444176.59,0
2026-08-20 08:00:00+00:00,69816.45,71826.26,69772.36,71592.1,4173.84476,2026-08-20 08:59:59.999000+00:00,296911673.1,552363,2403.67496,170897704.1,0
2026-08-20 09:00:00+00:00,71592.11,72067.46,71500,71789.97,3166.23325,2026-08-20 09:59:59.999000+00:00,227549216.3,352397,1656.88514,119076411.7,0
2026-08-20 10:00:00+00:00,71789.97,72490,71686.58,71995.99,2350.9646,2026-08-20 10:59:59.999000+00:00,169321447.5,335431,1102.45826,79429954.05,0
2026-08-20 11:00:00+00:00,71995.99,72322,71820,71927.07,1357.58479,2026-08-20 11:59:59.999000+00:00,97800539.67,291099,652.27144,46985855.48,0
2026-08-20 12:00:00+00:00,71927.07,72015.42,71501,71952.04,1576.86402,2026-08-20 12:59:59.999000+00:00,113174120,318664,803.45966,57678346.24,0
2026-08-20 13:00:00+00:00,71952.04,72108.8,71132,71691.99,2151.9086,2026-08-20 13:59:59.999000+00:00,154276127.4,445326,1203.61262,86282659.62,0
2026-08-20 14:00:00+00:00,71692,71990.09,71364.01,71826.85,1441.04171,2026-08-20 14:59:59.999000+00:00,103275705.7,377125,716.3138,51342363.57,0
2026-08-20 15:00:00+00:00,71826.85,72830,71789.01,72470.83,2926.7352,2026-08-20 15:59:59.999000+00:00,211659318.4,544525,1528.68679,110559764.7,0
2026-08-20 16:00:00+00:00,72470.84,72905,72205.88,72837.15,1324.40386,2026-08-20 16:59:59.999000+00:00,96013122.58,300259,642.62938,46596130.31,0
2026-08-20 17:00:00+00:00,72837.15,72966,72534.71,72737.5,1268.41951,2026-08-20 17:59:59.999000+00:00,92289080.42,265124,597.34794,43462479.48,0
2026-08-20 18:00:00+00:00,72737.51,72810,72394,72431.36,968.00662,2026-08-20 18:59:59.999000+00:00,70245199.56,208116,404.23396,29335672.62,0
2026-08-20 19:00:00+00:00,72431.35,72774,72330,72690.76,818.65084,2026-08-20 19:59:59.999000+00:00,59423050.37,177706,378.71128,27489338.63,0
2026-08-20 20:00:00+00:00,72690.76,73110.7,72594,72671.75,871.61952,2026-08-20 20:59:59.999000+00:00,63461619.27,179194,429.06632,31250586.34,0
2026-08-20 21:00:00+00:00,72671.76,72848,72557,72741.81,501.87504,2026-08-20 21:59:59.999000+00:00,36487574.44,116602,228.90547,16644774.48,0
2026-08-20 22:00:00+00:00,72741.81,72878,72498,72676.22,520.26326,2026-08-20 22:59:59.999000+00:00,37818021.92,133840,230.20853,16732838.14,0
2026-08-20 23:00:00+00:00,72676.23,73400,72664.56,73025.15,930.8009,2026-08-20 23:59:59.999000+00:00,68076582.69,205950,508.28437,37175076.64,0
2026-08-21 00:00:00+00:00,73027.02,73990,73027.02,73708.02,1919.94005,2026-08-21 00:59:59.999000+00:00,141359048.8,415897,1079.36584,79458102.6,0
2026-08-21 01:00:00+00:00,73707.82,75785.82,73668,75129.23,3173.32947,2026-08-21 01:59:59.999000+00:00,237448500,567499,1838.39576,137535715.9,0
2026-08-21 02:00:00+00:00,75129.23,75197.08,74384.63,74439.74,1716.15486,2026-08-21 02:59:59.999000+00:00,128330588.3,372549,850.29649,63590223.99,0
2026-08-21 03:00:00+00:00,74439.75,74882.24,74247.46,74510.77,1039.80072,2026-08-21 03:59:59.999000+00:00,77514842.41,226091,573.37944,42745300.32,0
2026-08-21 04:00:00+00:00,74510.77,75054.46,74510.77,75026,825.51685,2026-08-21 04:59:59.999000+00:00,61831670.16,172179,473.02852,35426252.3,0
2026-08-21 05:00:00+00:00,75026,75500,74918.79,75472.73,1138.68225,2026-08-21 05:59:59.999000+00:00,85706156.14,255057,624.0799,46971731.24,0
2026-08-21 06:00:00+00:00,75472.73,75753,75104,75646.21,1382.10073,2026-08-21 06:59:59.999000+00:00,104284430.4,284122,824.57832,62218240.87,0
2026-08-21 07:00:00+00:00,75646.2,76916.95,75620,76308.65,3775.56433,2026-08-21 07:59:59.999000+00:00,288359838.4,521797,1770.27766,135166080.8,0
2026-08-21 08:00:00+00:00,76308.66,79500,76235.76,79258.03,4366.47306,2026-08-21 08:59:59.999000+00:00,339791607.4,663625,2435.79366,189604972.7,0
2026-08-21 09:00:00+00:00,79258.02,79363.79,77251,77910.71,4167.07817,2026-08-21 09:59:59.999000+00:00,324751286.5,773764,1950.46557,151988784.7,0
2026-08-21 10:00:00+00:00,77910.71,78250,77621.8,77810.02,1604.18384,2026-08-21 10:59:59.999000+00:00,124987199.5,346231,718.37167,55969338.08,0
2026-08-21 11:00:00+00:00,77810.01,77855.78,76411.38,76722.32,2387.74046,2026-08-21 11:59:59.999000+00:00,184026154.2,497903,993.99957,76627367.06,0
2026-08-21 12:00:00+00:00,76722.31,77477.24,76538,77223.66,2680.17653,2026-08-21 12:59:59.999000+00:00,206142613.7,426271,1410.19522,108497336.4,0
2026-08-21 13:00:00+00:00,77223.66,77700,76243.04,77266.87,2022.51306,2026-08-21 13:59:59.999000+00:00,155827344.9,614968,992.85213,76503454.08,0
2026-08-21 14:00:00+00:00,77266.88,77448.26,76552.74,77384.68,1855.76373,2026-08-21 14:59:59.999000+00:00,142941412.2,451822,935.55174,72062404.8,0
2026-08-21 15:00:00+00:00,77384.69,77871.33,77170,77221.98,1316.36575,2026-08-21 15:59:59.999000+00:00,102078382,304276,622.78557,48297263.93,0
2026-08-21 16:00:00+00:00,77221.98,77563.53,76784.81,77486.01,1368.21973,2026-08-21 16:59:59.999000+00:00,105683139.5,319757,825.87591,63810535.24,0
2026-08-21 17:00:00+00:00,77486.01,77722.12,77189.95,77392.68,1099.33856,2026-08-21 17:59:59.999000+00:00,85187052.95,226156,642.51051,49792590.99,0
2026-08-21 18:00:00+00:00,77392.69,77550,76643.72,77146,1247.39698,2026-08-21 18:59:59.999000+00:00,96232145.71,224946,648.62697,50046382.4,0
2026-08-21 19:00:00+00:00,77145.99,77360,76856.2,77028.94,1151.33799,2026-08-21 19:59:59.999000+00:00,88812935.87,204987,602.74148,46503095.41,0
2026-08-21 20:00:00+00:00,77028.94,77548.99,76863.56,77520.19,905.49008,2026-08-21 20:59:59.999000+00:00,70041077.52,211082,546.19964,42254804.83,0
2026-08-21 21:00:00+00:00,77520.19,78675.1,77388,78505.15,1351.97974,2026-08-21 21:59:59.999000+00:00,105609427.3,340607,761.76604,59489497.67,0
2026-08-21 22:00:00+00:00,78505.14,78760.68,78081.8,78460.14,1022.8221,2026-08-21 22:59:59.999000+00:00,80281726.11,291342,502.18726,39423430.59,0
2026-08-21 23:00:00+00:00,78460.13,78720,78100.26,78338.03,821.59664,2026-08-21 23:59:59.999000+00:00,64444179.98,216016,410.55174,32205819.35,0
2026-08-22 00:00:00+00:00,78338.03,78500,77683.37,77953.3,822.10615,2026-08-22 00:59:59.999000+00:00,64083796.01,287777,426.51762,33245814.65,0
2026-08-22 01:00:00+00:00,77953.3,78234,77816.66,77830.01,612.96043,2026-08-22 01:59:59.999000+00:00,47828185.19,195187,298.96679,23326014.21,0
2026-08-22 02:00:00+00:00,77830.01,78563.83,77791.19,78470,965.16893,2026-08-22 02:59:59.999000+00:00,75604220.84,196380,545.01711,42693136.82,0
2026-08-22 03:00:00+00:00,78470,78828.15,78372,78410.98,734.8031,2026-08-22 03:59:59.999000+00:00,57752136.63,178441,385.37128,30288056.29,0
2026-08-22 04:00:00+00:00,78410.98,78818,78207.61,78470,738.35305,2026-08-22 04:59:59.999000+00:00,57978509.7,200119,367.96776,28895022.9,0
2026-08-22 05:00:00+00:00,78470,78584,76500,77380.75,3816.352,2026-08-22 05:59:59.999000+00:00,294638146.7,546223,1747.60636,134894095.6,0
2026-08-22 06:00:00+00:00,77380.75,77572.16,76985.14,77486.09,838.31259,2026-08-22 06:59:59.999000+00:00,64819334.5,177941,447.16988,34577996.4,0
2026-08-22 07:00:00+00:00,77486.09,77669.28,77220,77289.18,634.34953,2026-08-22 07:59:59.999000+00:00,49114237.03,181595,326.26264,25262962.64,0
2026-08-22 08:00:00+00:00,77289.18,77445.6,77037.42,77210.55,870.47609,2026-08-22 08:59:59.999000+00:00,67219390.65,173301,484.41449,37410873.96,0
2026-08-22 09:00:00+00:00,77210.55,77395.04,76851.25,77061.99,1089.30988,2026-08-22 09:59:59.999000+00:00,84063258.85,198606,679.30108,52433203.21,0
2026-08-22 10:00:00+00:00,77062,77187.46,76533.87,76976,1058.83574,2026-08-22 10:59:59.999000+00:00,81389927.23,237123,496.38726,38155416.28,0
2026-08-22 11:00:00+00:00,76976.01,77204.68,76772.05,77130.02,729.38003,2026-08-22 11:59:59.999000+00:00,56166000.72,160718,401.78416,30938431.62,0
2026-08-22 12:00:00+00:00,77130.01,77387.99,77073.86,77300.27,529.84412,2026-08-22 12:59:59.999000+00:00,40946898.36,126274,259.94973,20084676.93,0
2026-08-22 13:00:00+00:00,77300.27,77362.03,77116,77288.62,471.5874,2026-08-22 13:59:59.999000+00:00,36409464.2,85644,258.95527,19994513.33,0
2026-08-22 14:00:00+00:00,77288.62,77305.14,76930,77003.62,534.05012,2026-08-22 14:59:59.999000+00:00,41146872.17,130334,242.9446,18717114.55,0
2026-08-22 15:00:00+00:00,77003.62,77100.77,76880,76978.83,465.28762,2026-08-22 15:59:59.999000+00:00,35828797.88,115065,197.00506,15170343.11,0
2026-08-22 16:00:00+00:00,76978.83,77547.96,76956.36,77288.01,537.52059,2026-08-22 16:59:59.999000+00:00,41516776.12,124396,278.30595,21496944.14,0
2026-08-22 17:00:00+00:00,77288.01,77369.99,77066.66,77278.01,367.89271,2026-08-22 17:59:59.999000+00:00,28421643.19,95143,212.24407,16397863.67,0
2026-08-22 18:00:00+00:00,77278.01,77360.92,77138,77257.86,246.33381,2026-08-22 18:59:59.999000+00:00,19033031.35,73576,118.16695,9129848.459,0
2026-08-22 19:00:00+00:00,77257.87,77469.64,77206.53,77418.25,260.41653,2026-08-22 19:59:59.999000+00:00,20138677.4,60303,172.53794,13342530.76,0
2026-08-22 20:00:00+00:00,77418.26,77467.53,77258,77311.69,351.69043,2026-08-22 20:59:59.999000+00:00,27205439.94,72436,188.96911,14617541.47,0
2026-08-22 21:00:00+00:00,77311.69,77311.69,76828.78,76856.01,472.54194,2026-08-22 21:59:59.999000+00:00,36402789.76,137618,189.0019,14561098.44,0
2026-08-22 22:00:00+00:00,76856,77155.46,76772,76997.76,933.98314,2026-08-22 22:59:59.999000+00:00,71949835.73,131298,523.926,40354766.85,0
2026-08-22 23:00:00+00:00,76997.77,77126.53,76900,77074.93,442.95254,2026-08-22 23:59:59.999000+00:00,34111018.47,64547,164.41925,12662293.96,0
2026-08-23 00:00:00+00:00,77074.94,77359.53,77042.91,77302.65,422.64795,2026-08-23 00:59:59.999000+00:00,32648849.51,109912,266.03595,20553209.55,0
2026-08-23 01:00:00+00:00,77302.65,77400,77158,77190.29,315.9346,2026-08-23 01:59:59.999000+00:00,24407493.72,99628,162.23708,12533997.8,0
2026-08-23 02:00:00+00:00,77190.29,77232.55,77005.88,77079.46,272.44621,2026-08-23 02:59:59.999000+00:00,21013707.28,94964,146.13855,11271373.55,0
2026-08-23 03:00:00+00:00,77079.46,77136.78,76837,76927.87,542.03792,2026-08-23 03:59:59.999000+00:00,41725684.51,99139,261.51914,20129094.48,0
2026-08-23 04:00:00+00:00,76927.87,77036.58,76477.04,76602,1142.31377,2026-08-23 04:59:59.999000+00:00,87705035.77,197382,590.19243,45325643.74,0
2026-08-23 05:00:00+00:00,76602,76730.99,75545.67,76053.37,2021.52468,2026-08-23 05:59:59.999000+00:00,153929395.2,376404,923.02334,70296564.2,0
2026-08-23 06:00:00+00:00,76053.38,76357.51,75872.89,76096.95,788.44492,2026-08-23 06:59:59.999000+00:00,60039394.74,186071,391.38029,29805752.36,0
2026-08-23 07:00:00+00:00,76096.96,76345.31,75907.82,76007.13,498.42122,2026-08-23 07:59:59.999000+00:00,37946853.38,113634,266.86174,20318954.75,0
2026-08-23 08:00:00+00:00,76007.12,76654.78,75952.09,76486.49,773.49224,2026-08-23 08:59:59.999000+00:00,59004835.7,128052,423.71781,32322589.62,0
2026-08-23 09:00:00+00:00,76486.49,76640.21,76467,76549.98,346.37256,2026-08-23 09:59:59.999000+00:00,26517357.78,92750,201.40871,15419487.92,0
2026-08-23 10:00:00+00:00,76549.99,76924.29,76542,76790.35,533.71157,2026-08-23 10:59:59.999000+00:00,40970225.8,133177,317.02425,24333484.32,0
2026-08-23 11:00:00+00:00,76790.35,77400,76744.94,77311.02,784.82342,2026-08-23 11:59:59.999000+00:00,60567967.17,193660,470.99708,36349813.22,0
2026-08-23 12:00:00+00:00,77311.02,77311.99,76975.63,77206,446.59889,2026-08-23 12:59:59.999000+00:00,34433933.8,91798,185.47516,14304715.7,0
2026-08-23 13:00:00+00:00,77206.01,77765.8,77192.21,77487.62,955.92825,2026-08-23 13:59:59.999000+00:00,74074515.54,191113,582.43543,45130581.11,0
2026-08-23 14:00:00+00:00,77487.62,77640.58,76802,77186,1015.68445,2026-08-23 14:59:59.999000+00:00,78472584.6,236133,507.38808,39206924.15,0
2026-08-23 15:00:00+00:00,77186,77336.93,76913.49,77156.13,562.15936,2026-08-23 15:59:59.999000+00:00,43388526.12,159001,311.75623,24068645.06,0
2026-08-23 16:00:00+00:00,77156.14,77475,77156.13,77429.88,303.2396,2026-08-23 16:59:59.999000+00:00,23451198.78,101127,177.58749,13734486.92,0
2026-08-23 17:00:00+00:00,77429.87,77443.95,77148.2,77176.41,396.15987,2026-08-23 17:59:59.999000+00:00,30608324.77,104111,178.30146,13776382.43,0
2026-08-23 18:00:00+00:00,77176.41,77415.33,77116,77341.98,670.17194,2026-08-23 18:59:59.999000+00:00,51790230.69,123034,457.60025,35364508.32,0
2026-08-23 19:00:00+00:00,77341.99,77487.04,77255.99,77346.01,294.93858,2026-08-23 19:59:59.999000+00:00,22813128.51,77409,130.01534,10058035.85,0
2026-08-23 20:00:00+00:00,77346,77460,77200.03,77401.6,169.97755,2026-08-23 20:59:59.999000+00:00,13147091.81,60051,101.79594,7873389.28,0
2026-08-23 21:00:00+00:00,77401.59,78052.85,77401.59,77833.23,861.63202,2026-08-23 21:59:59.999000+00:00,67044331.3,249568,535.79479,41693590.94,0
2026-08-23 22:00:00+00:00,77833.23,77979,77560.02,77598.88,587.36494,2026-08-23 22:59:59.999000+00:00,45636593.32,218333,293.55114,22808227.13,0
2026-08-23 23:00:00+00:00,77598.87,77829.7,77290.22,77734,661.20534,2026-08-23 23:59:59.999000+00:00,51291016.32,191378,325.11263,25222505.83,0
2026-08-24 00:00:00+00:00,77734,77742,77142.85,77679.5,630.62998,2026-08-24 00:59:59.999000+00:00,48851129.88,225504,333.1658,25809376.42,0
2026-08-24 01:00:00+00:00,77679.51,77717.28,76918,76922.1,853.47221,2026-08-24 01:59:59.999000+00:00,65959784.12,241642,312.89265,24181507.59,0
2026-08-24 02:00:00+00:00,76922.11,77545.08,76883.61,77478.69,732.4439,2026-08-24 02:59:59.999000+00:00,56619184.63,223553,438.45438,33895722.75,0
2026-08-24 03:00:00+00:00,77478.7,77532.37,76933,76933.02,1447.49069,2026-08-24 03:59:59.999000+00:00,111687368.8,189531,384.36723,29655288.85,0
2026-08-24 04:00:00+00:00,76933.02,77247.12,76670.01,76897.44,1191.36747,2026-08-24 04:59:59.999000+00:00,91739705.76,172199,467.63851,36002387.04,0
2026-08-24 05:00:00+00:00,76897.44,77226.93,76842.72,77149.4,884.51745,2026-08-24 05:59:59.999000+00:00,68147832.11,188711,450.16346,34683316.28,0
2026-08-24 06:00:00+00:00,77149.39,77525.09,77071,77464.33,745.9839,2026-08-24 06:59:59.999000+00:00,57682422.64,166666,507.36653,39234960.59,0
2026-08-24 07:00:00+00:00,77464.33,77790.19,77281.68,77307.15,681.33125,2026-08-24 07:59:59.999000+00:00,52810659.34,159221,353.54854,27408924.79,0
2026-08-24 08:00:00+00:00,77307.14,77414.88,76838,77041.47,921.46444,2026-08-24 08:59:59.999000+00:00,71034785.68,157690,414.97625,31988943.7,0
2026-08-24 09:00:00+00:00,77041.46,77602.8,77028,77554.08,523.00977,2026-08-24 09:59:59.999000+00:00,40466601.68,124679,322.92403,24985337.98,0
2026-08-24 10:00:00+00:00,77554.08,78017,77534.09,77617.22,1113.08488,2026-08-24 10:59:59.999000+00:00,86588346.72,186426,606.09738,47158014.36,0
2026-08-24 11:00:00+00:00,77617.23,78600,77450,78443.65,1324.46087,2026-08-24 11:59:59.999000+00:00,103547367.6,308662,783.69019,61265896.02,0
2026-08-24 12:00:00+00:00,78443.65,79326.48,77982,79159.99,1858.84351,2026-08-24 12:59:59.999000+00:00,146260745.2,401178,1098.44274,86428936.88,0
2026-08-24 13:00:00+00:00,79159.98,79450,77851.9,78597.99,3300.58408,2026-08-24 13:59:59.999000+00:00,260022026.5,652189,1665.02126,131209328.1,0
2026-08-24 14:00:00+00:00,78597.99,79841.12,78597.99,79510.92,3230.14333,2026-08-24 14:59:59.999000+00:00,256271068.2,660428,1922.43212,152517293.6,0
2026-08-24 15:00:00+00:00,79510.93,80000,78824.78,79100.01,3666.17565,2026-08-24 15:59:59.999000+00:00,291552107.9,542942,1444.31918,114975269.4,0
2026-08-24 16:00:00+00:00,79100.01,79877.87,78901.1,79047.6,1877.28842,2026-08-24 16:59:59.999000+00:00,148990985.6,386751,859.24788,68226001.53,0
2026-08-24 17:00:00+00:00,79047.61,79198,78468.61,78761.14,1637.93002,2026-08-24 17:59:59.999000+00:00,129039279.5,420980,684.65106,53929072.77,0
2026-08-24 18:00:00+00:00,78761.14,79084.22,78718.01,78928.35,783.83103,2026-08-24 18:59:59.999000+00:00,61876885.37,259731,462.57237,36517349.59,0
2026-08-24 19:00:00+00:00,78928.35,79118.42,78600,78758,1063.06502,2026-08-24 19:59:59.999000+00:00,83800960.75,221601,598.20032,47150330.62,0
2026-08-24 20:00:00+00:00,78757.99,78996,78560,78932.33,421.20967,2026-08-24 20:59:59.999000+00:00,33179294.05,141274,226.26505,17823622.43,0
2026-08-24 21:00:00+00:00,78932.33,79049.4,78853.43,78984.23,302.47665,2026-08-24 21:59:59.999000+00:00,23886504.48,78351,136.18181,10753743.56,0
2026-08-24 22:00:00+00:00,78984.23,78988,78692,78740,351.77026,2026-08-24 22:59:59.999000+00:00,27731006.41,105796,197.9453,15603031.23,0
2026-08-24 23:00:00+00:00,78740,79017.76,78622.13,78992.75,636.71946,2026-08-24 23:59:59.999000+00:00,50214791.44,118704,363.43144,28672421.71,0
2026-08-25 00:00:00+00:00,78992.76,79888,78715.63,79739.99,1133.49463,2026-08-25 00:59:59.999000+00:00,89834224,371759,634.04468,50256706.95,0
2026-08-25 01:00:00+00:00,79739.99,79985.41,79478,79828,1067.23419,2026-08-25 01:59:59.999000+00:00,85119607.86,321899,534.96141,42668581.97,0
2026-08-25 02:00:00+00:00,79828,81272.62,79742,80649.63,3314.90532,2026-08-25 02:59:59.999000+00:00,267330675.5,556413,1931.55262,155738720.9,0
2026-08-25 03:00:00+00:00,80649.62,80956,80314.31,80488.01,1359.49076,2026-08-25 03:59:59.999000+00:00,109715709.8,317743,626.35235,50548551.9,0
2026-08-25 04:00:00+00:00,80488.01,80608,80150,80363.73,898.81211,2026-08-25 04:59:59.999000+00:00,72209008.33,245577,477.44393,38353726.13,0
2026-08-25 05:00:00+00:00,80363.74,80821.53,80322,80731.9,994.03992,2026-08-25 05:59:59.999000+00:00,80160737.18,213246,560.11103,45163365.29,0
2026-08-25 06:00:00+00:00,80731.9,80923.69,80420,80574.09,745.39881,2026-08-25 06:59:59.999000+00:00,60146317.51,173092,424.14008,34223890.8,0
2026-08-25 07:00:00+00:00,80574.09,80819.67,79369.17,79705.79,1307.68383,2026-08-25 07:59:59.999000+00:00,104800865.6,228617,599.58852,48070969.73,0
2026-08-25 08:00:00+00:00,79705.79,80249,79622,79930.77,788.31559,2026-08-25 08:59:59.999000+00:00,63045654.99,210953,418.81942,33494972.5,0
2026-08-25 09:00:00+00:00,79930.76,79958,78888,79187.2,1475.2851,2026-08-25 09:59:59.999000+00:00,117334438.3,296448,608.55281,48390639.7,0
2026-08-25 10:00:00+00:00,79187.2,79484.01,78992,79309.63,836.94668,2026-08-25 10:59:59.999000+00:00,66363504.45,211282,368.18052,29190950.63,0
2026-08-25 11:00:00+00:00,79309.63,79463.59,79044.18,79117.99,617.29432,2026-08-25 11:59:59.999000+00:00,48904938.35,202400,329.25635,26085170.63,0
2026-08-25 12:00:00+00:00,79118,79171.88,78640,78980,1007.3407,2026-08-25 12:59:59.999000+00:00,79480933.33,334380,419.82325,33129946.7,0
2026-08-25 13:00:00+00:00,78980.01,79222,78120.74,78647.99,1734.1222,2026-08-25 13:59:59.999000+00:00,136508936.1,474098,773.98228,60969826.54,0
2026-08-25 14:00:00+00:00,78648,79386.94,78531.55,79235.99,1216.06528,2026-08-25 14:59:59.999000+00:00,96163900.53,416847,660.39149,52220819.06,0
2026-08-25 15:00:00+00:00,79236,79527.09,79020.04,79502.01,794.08262,2026-08-25 15:59:59.999000+00:00,62969457.12,258208,468.63248,37165066.86,0
2026-08-25 16:00:00+00:00,79502.01,79563.71,79067.72,79156.02,676.1787,2026-08-25 16:59:59.999000+00:00,53614531.4,190786,324.24113,25702490.72,0
2026-08-25 17:00:00+00:00,79156.02,79256.08,78752.06,79240.01,747.28203,2026-08-25 17:59:59.999000+00:00,59056059.93,184548,468.72945,37045497.46,0
2026-08-25 18:00:00+00:00,79240.02,79380,79048.44,79128,469.50082,2026-08-25 18:59:59.999000+00:00,37196535.52,120528,271.62983,21519192.26,0
2026-08-25 19:00:00+00:00,79128.01,79233.57,78728.35,78925.95,702.86873,2026-08-25 19:59:59.999000+00:00,55501396.25,153843,364.96246,28820652.09,0
2026-08-25 20:00:00+00:00,78925.96,78976,78165.27,78206.13,777.55096,2026-08-25 20:59:59.999000+00:00,61060251.73,249022,282.80558,22216259.46,0
2026-08-25 21:00:00+00:00,78206.14,78664,77851,78570,840.88883,2026-08-25 21:59:59.999000+00:00,65807214.86,282674,335.00073,26225995.29,0
2026-08-25 22:00:00+00:00,78569.99,79000,78569.99,78889.51,577.33833,2026-08-25 22:59:59.999000+00:00,45504667.96,165429,357.70407,28194228.27,0
2026-08-25 23:00:00+00:00,78889.51,78977.49,78396.88,78539.14,690.39348,2026-08-25 23:59:59.999000+00:00,54340963.76,180410,392.52607,30897953.01,0
2026-08-26 00:00:00+00:00,78539.13,78721.48,78312,78631.79,680.65038,2026-08-26 00:59:59.999000+00:00,53433045.14,247766,385.57778,30272844.37,0
2026-08-26 01:00:00+00:00,78631.7,78960,78607.29,78815.13,572.39774,2026-08-26 01:59:59.999000+00:00,45105670.93,168124,323.18718,25466522.15,0
2026-08-26 02:00:00+00:00,78815.13,79251.6,78748.56,79108,505.52805,2026-08-26 02:59:59.999000+00:00,39959522.96,155111,317.81514,25121403.2,0
2026-08-26 03:00:00+00:00,79108.01,79184,78900,79088.62,453.50631,2026-08-26 03:59:59.999000+00:00,35851259.53,104987,283.03897,22376688.73,0
2026-08-26 04:00:00+00:00,79088.61,79200,78790.68,78826,482.93427,2026-08-26 04:59:59.999000+00:00,38153194.83,139395,248.3879,19624690.71,0
2026-08-26 05:00:00+00:00,78826,79143.62,78638,79085.98,515.23689,2026-08-26 05:59:59.999000+00:00,40669940.93,159065,316.28243,24964998.58,0
2026-08-26 06:00:00+00:00,79085.98,79206,78816,78947.92,459.3577,2026-08-26 06:59:59.999000+00:00,36276505.28,138853,239.46062,18912675.83,0
2026-08-26 07:00:00+00:00,78947.92,79096,78867,78925.56,516.24118,2026-08-26 07:59:59.999000+00:00,40773752.55,133538,276.51082,21838634.33,0
2026-08-26 08:00:00+00:00,78925.57,79119.37,78600,78707.59,995.42693,2026-08-26 08:59:59.999000+00:00,78538158.5,176225,282.74175,22314411.65,0
2026-08-26 09:00:00+00:00,78707.59,78877.02,78244.83,78444.49,553.36821,2026-08-26 09:59:59.999000+00:00,43450154.4,186883,235.00152,18458064.63,0
2026-08-26 10:00:00+00:00,78444.5,78879.75,78291.09,78727.45,367.28381,2026-08-26 10:59:59.999000+00:00,28870549.81,151535,194.83731,15317196.57,0
2026-08-26 11:00:00+00:00,78727.46,78782,78317,78487.26,413.44093,2026-08-26 11:59:59.999000+00:00,32467808.9,144198,199.88935,15698362.52,0
2026-08-26 12:00:00+00:00,78487.26,78713.79,77918.25,78319.59,1022.94925,2026-08-26 12:59:59.999000+00:00,80126099.05,270220,470.75449,36882408.73,0
2026-08-26 13:00:00+00:00,78319.58,78554,77913.19,78448.66,943.22287,2026-08-26 13:59:59.999000+00:00,73800842.87,360394,436.08626,34128227.88,0
2026-08-26 14:00:00+00:00,78448.66,78603.41,77774,77790.48,1051.14695,2026-08-26 14:59:59.999000+00:00,82136106.35,320531,433.93689,33936808.73,0
2026-08-26 15:00:00+00:00,77790.48,78167.26,77632.58,78011.65,712.24119,2026-08-26 15:59:59.999000+00:00,55494172.86,238396,356.94528,27814682.82,0
2026-08-26 16:00:00+00:00,78011.64,78161.73,77858,77991.3,600.54786,2026-08-26 16:59:59.999000+00:00,46858312.95,165923,316.08281,24663148.29,0
2026-08-26 17:00:00+00:00,77991.29,78603,77991.29,78442.83,585.12324,2026-08-26 17:59:59.999000+00:00,45853184.72,162916,308.18009,24150473.9,0
2026-08-26 18:00:00+00:00,78442.84,78650.26,78280.01,78472.41,337.24489,2026-08-26 18:59:59.999000+00:00,26466240.39,124570,164.82939,12935120.73,0
2026-08-26 19:00:00+00:00,78472.41,78572,78292,78475.49,466.85134,2026-08-26 19:59:59.999000+00:00,36621232.71,109473,267.17741,20958730.9,0
2026-08-26 20:00:00+00:00,78475.49,78521.7,78200,78452.04,322.22426,2026-08-26 20:59:59.999000+00:00,25261199,97769,179.41229,14065252.9,0
2026-08-26 21:00:00+00:00,78452.04,78845.06,78392.19,78724.01,428.48439,2026-08-26 21:59:59.999000+00:00,33716144.95,162670,236.115,18579053.53,0
2026-08-26 22:00:00+00:00,78724,78975.85,78554,78700,931.26213,2026-08-26 22:59:59.999000+00:00,73316447.18,177288,450.85342,35488170.73,0
2026-08-26 23:00:00+00:00,78700,79174.12,78654,79023.75,697.0881,2026-08-26 23:59:59.999000+00:00,55036509.14,188697,376.16814,29697911.7,0
2026-08-27 00:00:00+00:00,79023.75,79028.49,78690.01,78690.01,527.82725,2026-08-27 00:59:59.999000+00:00,41623333.18,143223,276.48523,21801237.79,0
2026-08-27 01:00:00+00:00,78690.02,79017.99,78546.13,78898.67,520.71745,2026-08-27 01:59:59.999000+00:00,41009933.22,177349,195.56998,15407765.53,0
2026-08-27 02:00:00+00:00,78898.68,78978,78704.62,78717.76,429.02181,2026-08-27 02:59:59.999000+00:00,33792927.42,112974,103.7905,8178870.018,0
2026-08-27 03:00:00+00:00,78717.76,78990,78643.23,78830.68,357.29079,2026-08-27 03:59:59.999000+00:00,28153241.93,117813,138.0677,10882914.2,0
2026-08-27 04:00:00+00:00,78830.68,78900,78684.18,78783.99,181.61392,2026-08-27 04:59:59.999000+00:00,14309854.19,91731,77.98245,6143894.637,0
2026-08-27 05:00:00+00:00,78783.99,78928,78600,78912.55,297.32854,2026-08-27 05:59:59.999000+00:00,23409213.47,92406,109.8449,8650138.404,0
2026-08-27 06:00:00+00:00,78912.54,78912.55,78604.78,78817.49,399.15003,2026-08-27 06:59:59.999000+00:00,31421828.56,109896,180.91549,14240468.53,0
2026-08-27 07:00:00+00:00,78817.5,79095.99,78754,79082.17,345.94116,2026-08-27 07:59:59.999000+00:00,27291199.07,90907,157.59858,12433665.04,0
2026-08-27 08:00:00+00:00,79082.18,80022,79048,79755.99,1705.62217,2026-08-27 08:59:59.999000+00:00,135896227.1,358346,884.24818,70443267.4,0
2026-08-27 09:00:00+00:00,79756,80520,79683.09,79986,1131.87984,2026-08-27 09:59:59.999000+00:00,90693075.62,309104,505.85634,40543886.92,0
2026-08-27 10:00:00+00:00,79986,80158.15,79342,79626,684.67175,2026-08-27 10:59:59.999000+00:00,54584954.75,257610,278.50705,22203660.07,0
2026-08-27 11:00:00+00:00,79625.99,79766.3,79172.65,79477.67,621.11446,2026-08-27 11:59:59.999000+00:00,49375138.52,199214,282.5508,22466242.48,0
2026-08-27 12:00:00+00:00,79477.66,79596,79266,79282.31,505.96518,2026-08-27 12:59:59.999000+00:00,40179728.21,207952,227.37949,18056048.84,0
2026-08-27 13:00:00+00:00,79282.31,79568,78920,79533.15,1143.32188,2026-08-27 13:59:59.999000+00:00,90621849.96,417403,481.10835,38135157.9,0
2026-08-27 14:00:00+00:00,79533.16,80388,79354.47,80204.05,1464.1918,2026-08-27 14:59:59.999000+00:00,116997231.8,506222,702.27287,56111672.55,0
2026-08-27 15:00:00+00:00,80204.06,80799.91,80094,80302.32,1415.34964,2026-08-27 15:59:59.999000+00:00,113895603.2,465136,684.4066,55076996.51,0
2026-08-27 16:00:00+00:00,80302.32,80624,80189.39,80374,957.98058,2026-08-27 16:59:59.999000+00:00,77046613.19,300825,396.09147,31856748.85,0
2026-08-27 17:00:00+00:00,80374,80848.74,80230,80442.46,973.76075,2026-08-27 17:59:59.999000+00:00,78514145.61,266455,428.7885,34574472.33,0
2026-08-27 18:00:00+00:00,80442.47,80442.47,79749.7,80150.69,662.82544,2026-08-27 18:59:59.999000+00:00,53060183.7,190313,294.95062,23608285.77,0
2026-08-27 19:00:00+00:00,80150.69,80294.11,79886,79910.19,514.60852,2026-08-27 19:59:59.999000+00:00,41211931.81,116971,237.64322,19031852.08,0
2026-08-27 20:00:00+00:00,79910.19,80120,79882.86,80096,282.87253,2026-08-27 20:59:59.999000+00:00,22629535.24,98189,141.90755,11352149.07,0
2026-08-27 21:00:00+00:00,80096,80184,79975.74,80184,278.41542,2026-08-27 21:59:59.999000+00:00,22293872.9,85989,112.14464,8979664.243,0
2026-08-27 22:00:00+00:00,80184,80432.36,80150,80303.21,534.24073,2026-08-27 22:59:59.999000+00:00,42882233.17,113662,283.61881,22764257.91,0
2026-08-27 23:00:00+00:00,80303.21,80393.6,80134,80249.58,329.82531,2026-08-27 23:59:59.999000+00:00,26476519.55,102595,176.77115,14190761.7,0
2026-08-28 00:00:00+00:00,80249.59,80705.37,80153.99,80576,516.59696,2026-08-28 00:59:59.999000+00:00,41529124.04,158955,292.40267,23506213.93,0
2026-08-28 01:00:00+00:00,80575.99,81478.87,80434.15,80500.38,1463.05089,2026-08-28 01:59:59.999000+00:00,118472217,336893,822.76071,66629305.54,0
2026-08-28 02:00:00+00:00,80500.38,80500.38,79723.02,79926.11,1190.20509,2026-08-28 02:59:59.999000+00:00,95301649.77,283107,511.68045,40963491.43,0
2026-08-28 03:00:00+00:00,79926.11,80060.01,79775.61,79810.49,530.69453,2026-08-28 03:59:59.999000+00:00,42406424.16,135164,252.16982,20146775.93,0
2026-08-28 04:00:00+00:00,79810.48,79970.5,79603.81,79643.81,562.86792,2026-08-28 04:59:59.999000+00:00,44900561.02,130968,316.49923,25252227.55,0
2026-08-28 05:00:00+00:00,79643.8,79872.6,79558.11,79686,326.58104,2026-08-28 05:59:59.999000+00:00,26025090.22,109319,156.91806,12506675.99,0
2026-08-28 06:00:00+00:00,79686,79999,79685.99,79904.21,359.1323,2026-08-28 06:59:59.999000+00:00,28686566.82,137101,187.59997,14985274.87,0
2026-08-28 07:00:00+00:00,79904.21,79904.21,79573.36,79660,1018.10642,2026-08-28 07:59:59.999000+00:00,81126215.95,143015,241.25446,19221637.91,0
2026-08-28 08:00:00+00:00,79660,79840,79480,79516.78,526.20796,2026-08-28 08:59:59.999000+00:00,41943337.24,119763,235.7211,18796904.47,0
2026-08-28 09:00:00+00:00,79516.77,79516.78,79259.43,79285.19,541.74443,2026-08-28 09:59:59.999000+00:00,42996339.99,124282,283.24118,22482369.79,0
2026-08-28 10:00:00+00:00,79285.19,79571.99,79001.01,79565.89,548.77151,2026-08-28 10:59:59.999000+00:00,43482645.18,129610,278.04255,22037183.19,0
2026-08-28 11:00:00+00:00,79565.9,79770.29,79555.22,79604.13,394.07937,2026-08-28 11:59:59.999000+00:00,31391715.13,96837,163.12457,12994111.83,0
2026-08-28 12:00:00+00:00,79604.12,79727.36,79306.11,79421.05,400.05317,2026-08-28 12:59:59.999000+00:00,31801379.68,113842,172.31828,13699285.04,0
2026-08-28 13:00:00+00:00,79421.04,79635.01,79034.56,79330.75,843.2247,2026-08-28 13:59:59.999000+00:00,66877783.01,217173,461.17816,36584174.99,0
2026-08-28 14:00:00+00:00,79330.34,79706.64,78423.03,79542.44,2930.13002,2026-08-28 14:59:59.999000+00:00,231632508.6,630673,1392.18807,110138064.1,0
2026-08-28 15:00:00+00:00,79542.44,79838.73,78312.64,78331.13,1255.01594,2026-08-28 15:59:59.999000+00:00,99196388.2,307203,600.0394,47463476.23,0
2026-08-28 16:00:00+00:00,78331.13,78404,76888,77788.46,2955.61638,2026-08-28 16:59:59.999000+00:00,229617149.2,661307,1335.49859,103754417.6,0
2026-08-28 17:00:00+00:00,77788.45,78131.86,77642.78,77904,722.76014,2026-08-28 17:59:59.999000+00:00,56273827.73,254944,352.46987,27444898.77,0
2026-08-28 18:00:00+00:00,77904,77935.5,77270,77554,575.36359,2026-08-28 18:59:59.999000+00:00,44617320.72,186420,238.76721,18513797.94,0
2026-08-28 19:00:00+00:00,77554,77797.35,77376,77580.03,501.052,2026-08-28 19:59:59.999000+00:00,38888067.86,167896,240.59738,18677052.29,0
2026-08-28 20:00:00+00:00,77580.03,77609.83,77310.24,77407.34,264.10726,2026-08-28 20:59:59.999000+00:00,20461720.36,119611,118.59606,9188001.16,0
2026-08-28 21:00:00+00:00,77407.34,77537.33,77255.69,77364,392.38715,2026-08-28 21:59:59.999000+00:00,30371849.84,98500,169.82544,13145027.83,0
2026-08-28 22:00:00+00:00,77364,77773.2,77342,77758.69,339.14252,2026-08-28 22:59:59.999000+00:00,26322577.54,96411,213.33791,16562424.27,0
2026-08-28 23:00:00+00:00,77758.69,77846.72,77640.74,77845.87,599.54517,2026-08-28 23:59:59.999000+00:00,46605143.04,63163,264.17857,20535646.61,0
2026-08-29 00:00:00+00:00,77845.88,77963.92,77722,77733.63,321.80979,2026-08-29 00:59:59.999000+00:00,25044555.32,83797,164.85814,12830962.7,0
2026-08-29 01:00:00+00:00,77733.63,77849.29,77631.28,77794.11,235.06968,2026-08-29 01:59:59.999000+00:00,18275809.99,70824,110.79332,8615791.644,0
2026-08-29 02:00:00+00:00,77794.11,77829.72,77584.53,77671.18,367.62079,2026-08-29 02:59:59.999000+00:00,28549356,82768,169.09058,13130834.65,0
2026-08-29 03:00:00+00:00,77671.18,77731.43,77507.16,77507.17,238.89187,2026-08-29 03:59:59.999000+00:00,18548329.05,92320,103.55766,8041283.022,0
2026-08-29 04:00:00+00:00,77507.17,77678.67,77507.17,77648.91,229.90598,2026-08-29 04:59:59.999000+00:00,17844069.28,71140,104.75521,8130037.174,0
2026-08-29 05:00:00+00:00,77648.91,77716.12,77604.06,77632.53,195.32253,2026-08-29 05:59:59.999000+00:00,15170676.33,55572,107.49272,8349195.485,0
2026-08-29 06:00:00+00:00,77632.52,77632.53,77382.37,77466.82,305.02922,2026-08-29 06:59:59.999000+00:00,23629366.17,58379,137.154,10624122.54,0
2026-08-29 07:00:00+00:00,77466.83,77672,77438.01,77626.01,933.89852,2026-08-29 07:59:59.999000+00:00,72475362.69,95716,477.76825,37075780,0
2026-08-29 08:00:00+00:00,77626.01,77634,77487.73,77633.99,281.67849,2026-08-29 08:59:59.999000+00:00,21845925.1,56485,159.14473,12341644.59,0
2026-08-29 09:00:00+00:00,77634,77754.23,77566.01,77650.03,212.52791,2026-08-29 09:59:59.999000+00:00,16503770.41,45036,95.02491,7379302.548,0
2026-08-29 10:00:00+00:00,77650.02,77732,77526,77635.17,228.16206,2026-08-29 10:59:59.999000+00:00,17717885.84,48040,126.04868,9787566.324,0
2026-08-29 11:00:00+00:00,77635.17,77724.99,77573.32,77584.67,269.60514,2026-08-29 11:59:59.999000+00:00,20930580.78,42626,153.61847,11924501.97,0
2026-08-29 12:00:00+00:00,77584.66,77657.99,77506.63,77583.74,316.37633,2026-08-29 12:59:59.999000+00:00,24546251.44,46809,215.65037,16731797.43,0
2026-08-29 13:00:00+00:00,77583.74,77722,77559.45,77704.32,195.58499,2026-08-29 13:59:59.999000+00:00,15189189.76,46094,73.43337,5702638.647,0
2026-08-29 14:00:00+00:00,77704.32,78150,77663.83,78014.37,456.42164,2026-08-29 14:59:59.999000+00:00,35546019.57,101035,287.76562,22415388.08,0
2026-08-29 15:00:00+00:00,78014.37,78014.37,77806.9,77865.36,314.87544,2026-08-29 15:59:59.999000+00:00,24531865.23,82597,169.03662,13168684.18,0
2026-08-29 16:00:00+00:00,77865.36,78130.43,77858.29,78027.17,330.48346,2026-08-29 16:59:59.999000+00:00,25775696.51,90610,159.61053,12448656.61,0
2026-08-29 17:00:00+00:00,78027.17,78100,77896,78100,210.10626,2026-08-29 17:59:59.999000+00:00,16393221.33,64164,108.48902,8465319.545,0
2026-08-29 18:00:00+00:00,78099.99,78250,78018.02,78158.01,252.93546,2026-08-29 18:59:59.999000+00:00,19762803.42,63302,142.19542,11109841.21,0
2026-08-29 19:00:00+00:00,78158.01,78330,78138.87,78182,231.34566,2026-08-29 19:59:59.999000+00:00,18101311.57,61519,115.78928,9059810.993,0
2026-08-29 20:00:00+00:00,78181.99,78298,78117.95,78129.92,132.29288,2026-08-29 20:59:59.999000+00:00,10344245.06,43422,63.60239,4973384.716,0
2026-08-29 21:00:00+00:00,78129.92,78198,78062,78161.63,132.03751,2026-08-29 21:59:59.999000+00:00,10315284.69,47059,66.003,5156425.283,0
2026-08-29 22:00:00+00:00,78161.62,78239.4,78086,78228.34,298.22816,2026-08-29 22:59:59.999000+00:00,23310723.85,33251,119.45309,9336347.681,0
2026-08-29 23:00:00+00:00,78228.33,78283.7,78190,78230,326.0928,2026-08-29 23:59:59.999000+00:00,25515685.49,37321,164.56125,12876856.84,0
2026-08-30 00:00:00+00:00,78230,78330,78147.17,78179.86,185.20224,2026-08-30 00:59:59.999000+00:00,14486529.72,55627,89.18648,6976550.442,0
2026-08-30 01:00:00+00:00,78179.86,78190,77994.02,78081.5,257.05271,2026-08-30 01:59:59.999000+00:00,20066684.79,59042,116.30232,9078617.766,0
2026-08-30 02:00:00+00:00,78081.49,78178.02,78014.74,78106.01,119.64466,2026-08-30 02:59:59.999000+00:00,9343393.417,45798,58.39949,4560378.11,0
2026-08-30 03:00:00+00:00,78106,78233.7,78065.99,78144.68,254.40453,2026-08-30 03:59:59.999000+00:00,19878537.25,49034,165.11753,12902332.33,0
2026-08-30 04:00:00+00:00,78144.68,78220,77990,78109.75,215.53426,2026-08-30 04:59:59.999000+00:00,16832328.55,42000,104.12096,8131989.286,0
2026-08-30 05:00:00+00:00,78109.74,78214,78109.74,78127.71,161.29313,2026-08-30 05:59:59.999000+00:00,12605166.67,24796,81.30708,6354118.492,0
2026-08-30 06:00:00+00:00,78127.72,78310.71,78106.07,78280.34,208.68022,2026-08-30 06:59:59.999000+00:00,16321247.07,41446,140.4713,10986808.9,0
2026-08-30 07:00:00+00:00,78280.34,78291.27,78118,78118,137.5055,2026-08-30 07:59:59.999000+00:00,10751032.16,24639,61.45122,4804403.542,0
2026-08-30 08:00:00+00:00,78118,78207.22,78034,78074.01,143.67594,2026-08-30 08:59:59.999000+00:00,11224795.31,41261,66.63939,5206052.86,0
2026-08-30 09:00:00+00:00,78074.01,78118.87,77986,78000.01,165.26795,2026-08-30 09:59:59.999000+00:00,12897144.52,43715,62.43516,4872563.085,0
2026-08-30 10:00:00+00:00,78000.01,78145.29,77962.49,78145.29,168.30514,2026-08-30 10:59:59.999000+00:00,13137638.49,40508,87.61223,6838866.303,0
2026-08-30 11:00:00+00:00,78145.29,78242,78117.11,78166,172.04094,2026-08-30 11:59:59.999000+00:00,13449042.97,45439,81.34751,6359040.197,0
